ID,Department,Municipality,Variety,Cropping_System,Sowing_Date,Sowing_Date_Est,Harvest_Date,Harvest_Date_Est,Yield
ENA_2009b_16172,TOLIMA,PURIFICACION,F60,RIEGO,8/15/2009,NO,11/20/2009,NO,8125
ENA_2009a_15371,TOLIMA,PURIFICACION,F733,RIEGO,3/16/2009,NO,6/24/2009,NO,7187.5
ENA_2008a_102531,TOLIMA,SALDANA,COPROSEM 2,RIEGO,5/28/2008,NO,9/9/2008,NO,5812.5
ES_2012_6_F2000_1,TOLIMA,SALDANA,F2000,RIEGO,1/15/2013,NO,5/8/2013,NO,9534.692442
ES_2012_6_F2000_2,TOLIMA,SALDANA,F2000,RIEGO,1/15/2013,NO,5/8/2013,NO,5824.830233
ES_2012_6_F2000_3,TOLIMA,SALDANA,F2000,RIEGO,1/15/2013,NO,5/8/2013,NO,8501.274419
ES_2012_6_F60_1,TOLIMA,SALDANA,F60,RIEGO,1/15/2013,NO,5/8/2013,NO,5832.235465
ES_2012_6_F60_2,TOLIMA,SALDANA,F60,RIEGO,1/15/2013,NO,5/8/2013,NO,3733.625581
ES_2012_6_F60_3,TOLIMA,SALDANA,F60,RIEGO,1/15/2013,NO,5/8/2013,NO,5931.218605
ES_2012_6_F733_1,TOLIMA,SALDANA,F733,RIEGO,1/15/2013,NO,5/8/2013,NO,5561.559302
ES_2012_6_F733_2,TOLIMA,SALDANA,F733,RIEGO,1/15/2013,NO,5/8/2013,NO,5968.77907
ES_2012_6_F733_3,TOLIMA,SALDANA,F733,RIEGO,1/15/2013,NO,5/8/2013,NO,7851.71686
ENA_2007a_101689,TOLIMA,SALDANA,F50,RIEGO,3/28/2007,NO,7/21/2007,NO,7687.5
ENA_2012a_10165,TOLIMA,SALDANA,ONLY RICE 228,RIEGO,5/4/2012,NO,8/29/2012,NO,5000
ES_2012_6_F50_1,TOLIMA,SALDANA,F50,RIEGO,1/15/2013,NO,5/12/2013,NO,4975.348837
ES_2012_6_F50_2,TOLIMA,SALDANA,F50,RIEGO,1/15/2013,NO,5/12/2013,NO,5240.723837
ES_2012_6_F50_3,TOLIMA,SALDANA,F50,RIEGO,1/15/2013,NO,5/12/2013,NO,4889.000581
ENA_2012a_16200,TOLIMA,PURIFICACION,F733,RIEGO,6/7/2012,NO,10/4/2012,NO,7625
ENA_2012a_16133,TOLIMA,PURIFICACION,F733,RIEGO,6/18/2012,NO,10/15/2012,NO,7812.5
ENA_2011a_101651,TOLIMA,SALDANA,LAGUNAS,RIEGO,5/2/2011,NO,8/29/2011,NO,5000
ES_2012_4_F2000_1,TOLIMA,SALDANA,F2000,RIEGO,9/6/2012,NO,1/3/2013,NO,4721.952907
ES_2012_4_F2000_2,TOLIMA,SALDANA,F2000,RIEGO,9/6/2012,NO,1/3/2013,NO,4982.787209
ES_2012_4_F2000_3,TOLIMA,SALDANA,F2000,RIEGO,9/6/2012,NO,1/3/2013,NO,4248.836628
ES_2012_4_F2000_4,TOLIMA,SALDANA,F2000,RIEGO,9/6/2012,NO,1/3/2013,NO,4284.686919
ES_2012_7_F2000_1,TOLIMA,SALDANA,F2000,RIEGO,2/21/2013,NO,6/20/2013,NO,4126.227907
ES_2012_7_F2000_2,TOLIMA,SALDANA,F2000,RIEGO,2/21/2013,NO,6/20/2013,NO,6524.069767
ES_2012_7_F2000_3,TOLIMA,SALDANA,F2000,RIEGO,2/21/2013,NO,6/20/2013,NO,5686.360465
ES_2012_7_F2000_4,TOLIMA,SALDANA,F2000,RIEGO,2/21/2013,NO,6/20/2013,NO,5607.209302
ES_2012_9_F2000_1,TOLIMA,SALDANA,F2000,RIEGO,4/2/2013,NO,7/30/2013,NO,6974.767442
ES_2012_9_F2000_2,TOLIMA,SALDANA,F2000,RIEGO,4/2/2013,NO,7/30/2013,NO,4884.222384
ES_2012_9_F2000_3,TOLIMA,SALDANA,F2000,RIEGO,4/2/2013,NO,7/30/2013,NO,6972.878634
ES_2012_9_F2000_4,TOLIMA,SALDANA,F2000,RIEGO,4/2/2013,NO,7/30/2013,NO,5005.638081
ES_2012_7_F60_1,TOLIMA,SALDANA,F60,RIEGO,2/21/2013,NO,6/20/2013,NO,5033.763081
ES_2012_7_F60_2,TOLIMA,SALDANA,F60,RIEGO,2/21/2013,NO,6/20/2013,NO,4774.491279
ES_2012_7_F60_3,TOLIMA,SALDANA,F60,RIEGO,2/21/2013,NO,6/20/2013,NO,4781.662791
ES_2012_7_F60_4,TOLIMA,SALDANA,F60,RIEGO,2/21/2013,NO,6/20/2013,NO,3899.590698
ES_2012_9_F60_1,TOLIMA,SALDANA,F60,RIEGO,4/2/2013,NO,7/30/2013,NO,5582.430959
ES_2012_9_F60_2,TOLIMA,SALDANA,F60,RIEGO,4/2/2013,NO,7/30/2013,NO,5080.338663
ES_2012_9_F60_3,TOLIMA,SALDANA,F60,RIEGO,4/2/2013,NO,7/30/2013,NO,4703.7375
ES_2012_9_F60_4,TOLIMA,SALDANA,F60,RIEGO,4/2/2013,NO,7/30/2013,NO,5384.381686
ES_2012_4_F733_1,TOLIMA,SALDANA,F733,RIEGO,9/6/2012,NO,1/3/2013,NO,5230.094477
ES_2012_4_F733_2,TOLIMA,SALDANA,F733,RIEGO,9/6/2012,NO,1/3/2013,NO,6672.293023
ES_2012_4_F733_3,TOLIMA,SALDANA,F733,RIEGO,9/6/2012,NO,1/3/2013,NO,5130.824419
ES_2012_4_F733_4,TOLIMA,SALDANA,F733,RIEGO,9/6/2012,NO,1/3/2013,NO,4879.350872
ES_2012_7_F733_1,TOLIMA,SALDANA,F733,RIEGO,2/21/2013,NO,6/20/2013,NO,5881.023256
ES_2012_7_F733_2,TOLIMA,SALDANA,F733,RIEGO,2/21/2013,NO,6/20/2013,NO,4966.511628
ES_2012_7_F733_3,TOLIMA,SALDANA,F733,RIEGO,2/21/2013,NO,6/20/2013,NO,4762.299419
ES_2012_7_F733_4,TOLIMA,SALDANA,F733,RIEGO,2/21/2013,NO,6/20/2013,NO,4326.63314
ES_2012_9_F733_1,TOLIMA,SALDANA,F733,RIEGO,4/2/2013,NO,7/30/2013,NO,5711.444477
ES_2012_9_F733_2,TOLIMA,SALDANA,F733,RIEGO,4/2/2013,NO,7/30/2013,NO,7838.088372
ES_2012_9_F733_3,TOLIMA,SALDANA,F733,RIEGO,4/2/2013,NO,7/30/2013,NO,5503.096512
ES_2012_9_F733_4,TOLIMA,SALDANA,F733,RIEGO,4/2/2013,NO,7/30/2013,NO,6382.953488
ENA_2011a_16200,TOLIMA,PURIFICACION,F733,RIEGO,7/5/2011,NO,11/2/2011,NO,8562.5
ES_2012_5_F2000_1,TOLIMA,SALDANA,F2000,RIEGO,11/25/2012,NO,3/25/2013,NO,4348.386628
ES_2012_5_F2000_2,TOLIMA,SALDANA,F2000,RIEGO,11/25/2012,NO,3/25/2013,NO,4696.002907
ES_2012_5_F2000_3,TOLIMA,SALDANA,F2000,RIEGO,11/25/2012,NO,3/25/2013,NO,3890.697674
ES_2012_5_F2000_4,TOLIMA,SALDANA,F2000,RIEGO,11/25/2012,NO,3/25/2013,NO,3886.627907
ES_2012_5_F60_1,TOLIMA,SALDANA,F60,RIEGO,11/25/2012,NO,3/25/2013,NO,4149.493605
ES_2012_5_F60_2,TOLIMA,SALDANA,F60,RIEGO,11/25/2012,NO,3/25/2013,NO,4092.587209
ES_2012_5_F60_3,TOLIMA,SALDANA,F60,RIEGO,11/25/2012,NO,3/25/2013,NO,4108.72093
ES_2012_5_F60_4,TOLIMA,SALDANA,F60,RIEGO,11/25/2012,NO,3/25/2013,NO,4987.281977
ES_2012_5_F733_1,TOLIMA,SALDANA,F733,RIEGO,11/25/2012,NO,3/25/2013,NO,4937.042151
ES_2012_5_F733_2,TOLIMA,SALDANA,F733,RIEGO,11/25/2012,NO,3/25/2013,NO,4309.273256
ES_2012_5_F733_3,TOLIMA,SALDANA,F733,RIEGO,11/25/2012,NO,3/25/2013,NO,4292.267442
ES_2012_5_F733_4,TOLIMA,SALDANA,F733,RIEGO,11/25/2012,NO,3/25/2013,NO,4724.418605
ENA_2011a_16580,TOLIMA,PURIFICACION,COLOMBIA XXI,RIEGO,3/15/2011,NO,7/15/2011,NO,5625
ENA_2012a_16580,TOLIMA,PURIFICACION,COLOMBIA XXI,RIEGO,3/17/2012,NO,7/17/2012,NO,7312.5
ENA_2008a_100150,TOLIMA,SALDANA,F369,RIEGO,4/11/2008,NO,8/11/2008,NO,8500
ES_2012_8_F2000_1,TOLIMA,SALDANA,F2000,RIEGO,3/13/2013,NO,7/13/2013,NO,7979.796512
ES_2012_8_F2000_2,TOLIMA,SALDANA,F2000,RIEGO,3/13/2013,NO,7/13/2013,NO,5030.875581
ES_2012_8_F2000_3,TOLIMA,SALDANA,F2000,RIEGO,3/13/2013,NO,7/13/2013,NO,4223.665116
ES_2012_8_F2000_4,TOLIMA,SALDANA,F2000,RIEGO,3/13/2013,NO,7/13/2013,NO,4405.116279
ES_2012_8_F60_1,TOLIMA,SALDANA,F60,RIEGO,3/13/2013,NO,7/13/2013,NO,5342.093023
ES_2012_8_F60_2,TOLIMA,SALDANA,F60,RIEGO,3/13/2013,NO,7/13/2013,NO,8424.017442
ES_2012_8_F60_3,TOLIMA,SALDANA,F60,RIEGO,3/13/2013,NO,7/13/2013,NO,7907.547093
ES_2012_8_F60_4,TOLIMA,SALDANA,F60,RIEGO,3/13/2013,NO,7/13/2013,NO,7694.145349
ES_2011a_2_F733_1,TOLIMA,SALDANA,F733,RIEGO,2/11/2011,NO,6/13/2011,NO,6641.729651
ES_2011a_2_F733_2,TOLIMA,SALDANA,F733,RIEGO,2/11/2011,NO,6/13/2011,NO,7320.218023
ES_2011a_2_F733_3,TOLIMA,SALDANA,F733,RIEGO,2/11/2011,NO,6/13/2011,NO,5742.674419
ES_2011a_2_F733_4,TOLIMA,SALDANA,F733,RIEGO,2/11/2011,NO,6/13/2011,NO,8416.27907
ES_2012_8_F733_1,TOLIMA,SALDANA,F733,RIEGO,3/13/2013,NO,7/13/2013,NO,5065.525581
ES_2012_8_F733_2,TOLIMA,SALDANA,F733,RIEGO,3/13/2013,NO,7/13/2013,NO,4504.12907
ES_2012_8_F733_3,TOLIMA,SALDANA,F733,RIEGO,3/13/2013,NO,7/13/2013,NO,5267.483721
ES_2012_8_F733_4,TOLIMA,SALDANA,F733,RIEGO,3/13/2013,NO,7/13/2013,NO,4596.216802
ENA_2008a_101504,TOLIMA,PURIFICACION,CIMARRON BARINAS,RIEGO,3/1/2008,NO,7/2/2008,NO,6562.5
ENA_2011a_16603,TOLIMA,PURIFICACION,F733,RIEGO,6/7/2011,NO,10/8/2011,NO,8187.5
ENA_2012a_16603,TOLIMA,PURIFICACION,F733,RIEGO,6/9/2012,NO,10/10/2012,NO,8187.5
ENA_2008b_101723,TOLIMA,SALDANA,COLOMBIA XXI,RIEGO,10/21/2008,NO,2/21/2009,NO,10750
ES_2012_3_F2000_1,TOLIMA,SALDANA,F2000,RIEGO,8/9/2012,NO,12/10/2012,NO,6488.05
ES_2012_3_F2000_2,TOLIMA,SALDANA,F2000,RIEGO,8/9/2012,NO,12/10/2012,NO,6062.972674
ES_2012_3_F2000_3,TOLIMA,SALDANA,F2000,RIEGO,8/9/2012,NO,12/10/2012,NO,8043.251163
ES_2012_3_F2000_4,TOLIMA,SALDANA,F2000,RIEGO,8/9/2012,NO,12/10/2012,NO,5577.746512
ES_2012_4_F50_1,TOLIMA,SALDANA,F50,RIEGO,9/6/2012,NO,1/7/2013,NO,4437.584302
ES_2012_4_F50_2,TOLIMA,SALDANA,F50,RIEGO,9/6/2012,NO,1/7/2013,NO,4357.046512
ES_2012_4_F50_3,TOLIMA,SALDANA,F50,RIEGO,9/6/2012,NO,1/7/2013,NO,3844.009302
ES_2012_4_F50_4,TOLIMA,SALDANA,F50,RIEGO,9/6/2012,NO,1/7/2013,NO,3812.928488
ES_2012_7_F50_1,TOLIMA,SALDANA,F50,RIEGO,2/21/2013,NO,6/24/2013,NO,4817.696512
ES_2012_7_F50_2,TOLIMA,SALDANA,F50,RIEGO,2/21/2013,NO,6/24/2013,NO,5649.982558
ES_2012_7_F50_3,TOLIMA,SALDANA,F50,RIEGO,2/21/2013,NO,6/24/2013,NO,4774.491279
ES_2012_7_F50_4,TOLIMA,SALDANA,F50,RIEGO,2/21/2013,NO,6/24/2013,NO,4871.938372
ES_2012_9_F50_1,TOLIMA,SALDANA,F50,RIEGO,4/2/2013,NO,8/3/2013,NO,5997.920494
ES_2012_9_F50_2,TOLIMA,SALDANA,F50,RIEGO,4/2/2013,NO,8/3/2013,NO,5725.207558
ES_2012_9_F50_3,TOLIMA,SALDANA,F50,RIEGO,4/2/2013,NO,8/3/2013,NO,4861.355669
ES_2012_9_F50_4,TOLIMA,SALDANA,F50,RIEGO,4/2/2013,NO,8/3/2013,NO,4666.046512
ES_2012_3_F60_1,TOLIMA,SALDANA,F60,RIEGO,8/9/2012,NO,12/10/2012,NO,6555.556395
ES_2012_3_F60_2,TOLIMA,SALDANA,F60,RIEGO,8/9/2012,NO,12/10/2012,NO,6367.583721
ES_2012_3_F60_3,TOLIMA,SALDANA,F60,RIEGO,8/9/2012,NO,12/10/2012,NO,5868.991279
ES_2012_3_F60_4,TOLIMA,SALDANA,F60,RIEGO,8/9/2012,NO,12/10/2012,NO,5769.976744
ES_2012_4_F60_1,TOLIMA,SALDANA,F60,RIEGO,9/6/2012,NO,1/7/2013,NO,4573.90407
ES_2012_4_F60_2,TOLIMA,SALDANA,F60,RIEGO,9/6/2012,NO,1/7/2013,NO,3452.805233
ES_2012_4_F60_3,TOLIMA,SALDANA,F60,RIEGO,9/6/2012,NO,1/7/2013,NO,5134.426744
ES_2012_4_F60_4,TOLIMA,SALDANA,F60,RIEGO,9/6/2012,NO,1/7/2013,NO,3881.751453
ES_2012_3_F733_1,TOLIMA,SALDANA,F733,RIEGO,8/9/2012,NO,12/10/2012,NO,7167.776744
ES_2012_3_F733_2,TOLIMA,SALDANA,F733,RIEGO,8/9/2012,NO,12/10/2012,NO,8781.666279
ES_2012_3_F733_3,TOLIMA,SALDANA,F733,RIEGO,8/9/2012,NO,12/10/2012,NO,4763.155814
ES_2012_3_F733_4,TOLIMA,SALDANA,F733,RIEGO,8/9/2012,NO,12/10/2012,NO,6808.295349
ENA_2010a_16200,TOLIMA,PURIFICACION,F50,RIEGO,3/15/2010,NO,7/17/2010,NO,5625
ENA_2007a_102531,TOLIMA,SALDANA,N.n.,RIEGO,2/24/2007,NO,6/28/2007,NO,6625
ES_2011a_3_F50_1,TOLIMA,SALDANA,F50,RIEGO,4/1/2011,NO,8/3/2011,NO,7194.767442
ES_2011a_3_F50_2,TOLIMA,SALDANA,F50,RIEGO,4/1/2011,NO,8/3/2011,NO,7180.232558
ES_2011a_3_F50_3,TOLIMA,SALDANA,F50,RIEGO,4/1/2011,NO,8/3/2011,NO,7434.593023
ES_2011a_3_F50_4,TOLIMA,SALDANA,F50,RIEGO,4/1/2011,NO,8/3/2011,NO,7664.098837
ES_2012_5_F50_1,TOLIMA,SALDANA,F50,RIEGO,11/25/2012,NO,3/29/2013,NO,3863.226744
ES_2012_5_F50_2,TOLIMA,SALDANA,F50,RIEGO,11/25/2012,NO,3/29/2013,NO,4741.875
ES_2012_5_F50_3,TOLIMA,SALDANA,F50,RIEGO,11/25/2012,NO,3/29/2013,NO,5507.994186
ES_2012_5_F50_4,TOLIMA,SALDANA,F50,RIEGO,11/25/2012,NO,3/29/2013,NO,4732.5
ES_2011b_3_F60_1,TOLIMA,SALDANA,F60,RIEGO,1/6/2012,NO,5/9/2012,NO,7373.643819
ES_2011b_3_F60_2,TOLIMA,SALDANA,F60,RIEGO,1/6/2012,NO,5/9/2012,NO,6314.875153
ES_2011b_3_F60_3,TOLIMA,SALDANA,F60,RIEGO,1/6/2012,NO,5/9/2012,NO,8715.514076
ES_2011a_1_F733_1,TOLIMA,SALDANA,F733,RIEGO,12/27/2010,NO,4/30/2011,NO,8753.633721
ES_2011a_1_F733_2,TOLIMA,SALDANA,F733,RIEGO,12/27/2010,NO,4/30/2011,NO,7843.023256
ES_2011a_1_F733_3,TOLIMA,SALDANA,F733,RIEGO,12/27/2010,NO,4/30/2011,NO,6851.889535
ES_2011a_1_F733_4,TOLIMA,SALDANA,F733,RIEGO,12/27/2010,NO,4/30/2011,NO,8942.296512
ES_2011b_3_F733_1,TOLIMA,SALDANA,F733,RIEGO,1/6/2012,NO,5/9/2012,NO,5095.973378
ES_2011b_3_F733_2,TOLIMA,SALDANA,F733,RIEGO,1/6/2012,NO,5/9/2012,NO,5420.379437
ES_2011b_3_F733_3,TOLIMA,SALDANA,F733,RIEGO,1/6/2012,NO,5/9/2012,NO,6351.22399
ES_2011b_3_Mocar?_1,TOLIMA,SALDANA,MOCARI,RIEGO,1/6/2012,NO,5/9/2012,NO,7885.114137
ES_2011b_3_Mocar?_2,TOLIMA,SALDANA,MOCARI,RIEGO,1/6/2012,NO,5/9/2012,NO,7637.698898
ES_2011b_3_Mocar?_3,TOLIMA,SALDANA,MOCARI,RIEGO,1/6/2012,NO,5/9/2012,NO,5581.132803
ENA_2010a_16580,TOLIMA,PURIFICACION,F60,RIEGO,3/2/2010,NO,7/5/2010,NO,5400
ENA_2008b_106386,TOLIMA,PURIFICACION,F733,RIEGO,8/12/2008,NO,12/15/2008,NO,8400
ENA_2010a_15568,TOLIMA,PURIFICACION,F733,RIEGO,1/10/2010,NO,5/15/2010,NO,6200
ENA_2009a_15568,TOLIMA,PURIFICACION,FORTALEZA,RIEGO,6/12/2009,NO,10/15/2009,NO,6087.5
ENA_2008b_102531,TOLIMA,SALDANA,F733,RIEGO,8/12/2008,NO,12/15/2008,NO,7700
ENA_2007a_110722,TOLIMA,SALDANA,N.n.,RIEGO,4/7/2007,NO,8/10/2007,NO,7250
ES_2011b_1_F60_1,TOLIMA,SALDANA,F60,RIEGO,10/27/2011,NO,2/29/2012,NO,5280.232558
ES_2011b_1_F60_2,TOLIMA,SALDANA,F60,RIEGO,10/27/2011,NO,2/29/2012,NO,5029.887597
ES_2011b_1_F60_3,TOLIMA,SALDANA,F60,RIEGO,10/27/2011,NO,2/29/2012,NO,5190.678295
ES_2011b_1_F733_1,TOLIMA,SALDANA,F733,RIEGO,10/27/2011,NO,2/29/2012,NO,6110.4677
ES_2011b_1_F733_2,TOLIMA,SALDANA,F733,RIEGO,10/27/2011,NO,2/29/2012,NO,6085.271318
ES_2011b_1_F733_3,TOLIMA,SALDANA,F733,RIEGO,10/27/2011,NO,2/29/2012,NO,4704.53876
ES_2011b_1_Mocar?_1,TOLIMA,SALDANA,MOCARI,RIEGO,10/27/2011,NO,2/29/2012,NO,5735.05814
ES_2011b_1_Mocar?_2,TOLIMA,SALDANA,MOCARI,RIEGO,10/27/2011,NO,2/29/2012,NO,4127.87823
ES_2011b_1_Mocar?_3,TOLIMA,SALDANA,MOCARI,RIEGO,10/27/2011,NO,2/29/2012,NO,4387.267442
ENA_2007a_100234,TOLIMA,PURIFICACION,CIMARRON BARINAS,RIEGO,3/21/2007,NO,7/25/2007,NO,7500
ENA_2012a_15998,TOLIMA,PURIFICACION,LAGUNAS,RIEGO,6/7/2012,NO,10/11/2012,NO,7000
ES_2012_8_F50_1,TOLIMA,SALDANA,F50,RIEGO,3/13/2013,NO,7/17/2013,NO,5922
ES_2012_8_F50_2,TOLIMA,SALDANA,F50,RIEGO,3/13/2013,NO,7/17/2013,NO,7478.9625
ES_2012_8_F50_3,TOLIMA,SALDANA,F50,RIEGO,3/13/2013,NO,7/17/2013,NO,3991.451163
ES_2012_8_F50_4,TOLIMA,SALDANA,F50,RIEGO,3/13/2013,NO,7/17/2013,NO,4999.517442
ES_2011b_2_F60_1,TOLIMA,SALDANA,F60,RIEGO,12/5/2011,NO,4/9/2012,NO,5660.954712
ES_2011b_2_F60_2,TOLIMA,SALDANA,F60,RIEGO,12/5/2011,NO,4/9/2012,NO,5697.674419
ES_2011b_2_F60_3,TOLIMA,SALDANA,F60,RIEGO,12/5/2011,NO,4/9/2012,NO,5246.328029
ES_2011b_4_F60_1,TOLIMA,SALDANA,F60,RIEGO,2/7/2012,NO,6/12/2012,NO,7535.976744
ES_2011b_4_F60_2,TOLIMA,SALDANA,F60,RIEGO,2/7/2012,NO,6/12/2012,NO,8714.92907
ES_2011b_4_F60_3,TOLIMA,SALDANA,F60,RIEGO,2/7/2012,NO,6/12/2012,NO,8364.861628
ES_2011b_2_F733_1,TOLIMA,SALDANA,F733,RIEGO,12/5/2011,NO,4/9/2012,NO,6884.94492
ES_2011b_2_F733_2,TOLIMA,SALDANA,F733,RIEGO,12/5/2011,NO,4/9/2012,NO,7085.556916
ES_2011b_2_F733_3,TOLIMA,SALDANA,F733,RIEGO,12/5/2011,NO,4/9/2012,NO,8315.911873
ES_2011b_4_F733_1,TOLIMA,SALDANA,F733,RIEGO,2/7/2012,NO,6/12/2012,NO,7192.383721
ES_2011b_4_F733_2,TOLIMA,SALDANA,F733,RIEGO,2/7/2012,NO,6/12/2012,NO,7248.658866
ES_2011b_4_F733_3,TOLIMA,SALDANA,F733,RIEGO,2/7/2012,NO,6/12/2012,NO,5088.33314
ES_2011b_2_Mocar?_1,TOLIMA,SALDANA,MOCARI,RIEGO,12/5/2011,NO,4/9/2012,NO,6044.124847
ES_2011b_2_Mocar?_2,TOLIMA,SALDANA,MOCARI,RIEGO,12/5/2011,NO,4/9/2012,NO,5505.01836
ES_2011b_2_Mocar?_3,TOLIMA,SALDANA,MOCARI,RIEGO,12/5/2011,NO,4/9/2012,NO,6373.470012
ES_2011b_4_Mocar?_1,TOLIMA,SALDANA,MOCARI,RIEGO,2/7/2012,NO,6/12/2012,NO,6059.273256
ES_2011b_4_Mocar?_2,TOLIMA,SALDANA,MOCARI,RIEGO,2/7/2012,NO,6/12/2012,NO,5556.395349
ES_2011b_4_Mocar?_3,TOLIMA,SALDANA,MOCARI,RIEGO,2/7/2012,NO,6/12/2012,NO,5987.527907
ENA_2009b_15543,TOLIMA,PURIFICACION,CIMARRON BARINAS,RIEGO,7/11/2009,NO,11/15/2009,NO,5062.5
ENA_2010a_15543,TOLIMA,PURIFICACION,Clearfield,RIEGO,1/7/2010,NO,5/14/2010,NO,6200
ENA_2011a_15998,TOLIMA,PURIFICACION,LAGUNAS,RIEGO,7/5/2011,NO,11/9/2011,NO,7000
ENA_2008b_101689,TOLIMA,SALDANA,F275,RIEGO,12/10/2008,NO,4/16/2009,NO,8518.75
ES_2011a_2_F50_1,TOLIMA,SALDANA,F50,RIEGO,2/11/2011,NO,6/18/2011,NO,6592.44186
ES_2011a_2_F50_2,TOLIMA,SALDANA,F50,RIEGO,2/11/2011,NO,6/18/2011,NO,5186.627907
ES_2011a_2_F50_3,TOLIMA,SALDANA,F50,RIEGO,2/11/2011,NO,6/18/2011,NO,7926.744186
ES_2011a_2_F50_4,TOLIMA,SALDANA,F50,RIEGO,2/11/2011,NO,6/18/2011,NO,5762.790698
ES_2012_3_F50_1,TOLIMA,SALDANA,F50,RIEGO,8/9/2012,NO,12/14/2012,NO,8530.593023
ES_2012_3_F50_2,TOLIMA,SALDANA,F50,RIEGO,8/9/2012,NO,12/14/2012,NO,6376.05407
ES_2012_3_F50_3,TOLIMA,SALDANA,F50,RIEGO,8/9/2012,NO,12/14/2012,NO,5827.361919
ES_2012_3_F50_4,TOLIMA,SALDANA,F50,RIEGO,8/9/2012,NO,12/14/2012,NO,6283.255814
ENA_2009a_15543,TOLIMA,PURIFICACION,F60,RIEGO,6/24/2009,NO,10/30/2009,NO,7000
ENA_2010a_15998,TOLIMA,PURIFICACION,F733,RIEGO,2/2/2010,NO,6/10/2010,NO,6500
ENA_2009b_16144,TOLIMA,PURIFICACION,CIMARRON BARINAS,RIEGO,7/17/2009,NO,11/23/2009,NO,5250
ENA_2012a_16144,TOLIMA,PURIFICACION,COPROSEM 304,RIEGO,3/10/2012,NO,7/17/2012,NO,5437.5
ENA_2010a_15716,TOLIMA,PURIFICACION,F50,RIEGO,3/15/2010,NO,7/22/2010,NO,6375
ENA_2010a_15868,TOLIMA,PURIFICACION,F50,RIEGO,3/20/2010,NO,7/27/2010,NO,6250
ENA_2011a_16133,TOLIMA,PURIFICACION,F733,RIEGO,6/18/2011,NO,10/25/2011,NO,8125
ENA_2009a_16580,TOLIMA,PURIFICACION,ONLY RICE 228,RIEGO,6/16/2009,NO,10/23/2009,NO,6500
ES_2012_2_F2000_1,TOLIMA,SALDANA,F2000,RIEGO,7/3/2012,NO,11/9/2012,NO,5108.196221
ES_2012_2_F2000_2,TOLIMA,SALDANA,F2000,RIEGO,7/3/2012,NO,11/9/2012,NO,7586.262209
ES_2012_2_F2000_3,TOLIMA,SALDANA,F2000,RIEGO,7/3/2012,NO,11/9/2012,NO,8595.361047
ES_2012_2_F2000_4,TOLIMA,SALDANA,F2000,RIEGO,7/3/2012,NO,11/9/2012,NO,5962.33314
ES_2011a_1_F50_1,TOLIMA,SALDANA,F50,RIEGO,12/27/2010,NO,5/5/2011,NO,7491.860465
ES_2011a_1_F50_2,TOLIMA,SALDANA,F50,RIEGO,12/27/2010,NO,5/5/2011,NO,7106.976744
ES_2011a_1_F50_3,TOLIMA,SALDANA,F50,RIEGO,12/27/2010,NO,5/5/2011,NO,7664.098837
ES_2011a_1_F50_4,TOLIMA,SALDANA,F50,RIEGO,12/27/2010,NO,5/5/2011,NO,7116.27907
ES_2012_2_F60_1,TOLIMA,SALDANA,F60,RIEGO,7/3/2012,NO,11/9/2012,NO,5513.332849
ES_2012_2_F60_2,TOLIMA,SALDANA,F60,RIEGO,7/3/2012,NO,11/9/2012,NO,6285.061919
ES_2012_2_F60_3,TOLIMA,SALDANA,F60,RIEGO,7/3/2012,NO,11/9/2012,NO,7949.81686
ES_2012_2_F60_4,TOLIMA,SALDANA,F60,RIEGO,7/3/2012,NO,11/9/2012,NO,7395.339244
ES_2012_2_F733_1,TOLIMA,SALDANA,F733,RIEGO,7/3/2012,NO,11/9/2012,NO,7443.415116
ES_2012_2_F733_2,TOLIMA,SALDANA,F733,RIEGO,7/3/2012,NO,11/9/2012,NO,8598.622384
ES_2012_2_F733_3,TOLIMA,SALDANA,F733,RIEGO,7/3/2012,NO,11/9/2012,NO,7920.084884
ES_2012_2_F733_4,TOLIMA,SALDANA,F733,RIEGO,7/3/2012,NO,11/9/2012,NO,8312.94186
ENA_2007a_106386,TOLIMA,PURIFICACION,CIMARRON BARINAS,RIEGO,2/21/2007,NO,7/1/2007,NO,6937.5
ENA_2012a_16493,TOLIMA,PURIFICACION,F473,RIEGO,2/28/2012,NO,7/7/2012,NO,4500
ENA_2010a_16306,TOLIMA,PURIFICACION,F50,RIEGO,5/15/2010,NO,9/22/2010,NO,6875
ENA_2008b_101504,TOLIMA,PURIFICACION,F60,RIEGO,11/10/2008,NO,3/20/2009,NO,7812.5
ENA_2010a_16293,TOLIMA,PURIFICACION,F60,RIEGO,3/26/2010,NO,8/3/2010,NO,7187.5
ENA_2011a_15568,TOLIMA,PURIFICACION,LAGUNAS,RIEGO,5/9/2011,NO,9/16/2011,NO,5000
ENA_2012a_15568,TOLIMA,PURIFICACION,LAGUNAS,RIEGO,5/11/2012,NO,9/18/2012,NO,5312.5
ENA_2013a_17036,TOLIMA,SALDANA,OTRAS,RIEGO,3/4/2013,NO,7/12/2013,NO,5625
ES_2012_1_F2000_1,TOLIMA,SALDANA,F2000,RIEGO,5/31/2012,NO,10/8/2012,NO,8609.781977
ES_2012_1_F2000_2,TOLIMA,SALDANA,F2000,RIEGO,5/31/2012,NO,10/8/2012,NO,7925.265988
ES_2012_1_F2000_3,TOLIMA,SALDANA,F2000,RIEGO,5/31/2012,NO,10/8/2012,NO,8916.685465
ES_2012_1_F2000_4,TOLIMA,SALDANA,F2000,RIEGO,5/31/2012,NO,10/8/2012,NO,7154.162791
ES_2012_1_F60_1,TOLIMA,SALDANA,F60,RIEGO,5/31/2012,NO,10/8/2012,NO,7831.229651
ES_2012_1_F60_2,TOLIMA,SALDANA,F60,RIEGO,5/31/2012,NO,10/8/2012,NO,9503.431977
ES_2012_1_F60_3,TOLIMA,SALDANA,F60,RIEGO,5/31/2012,NO,10/8/2012,NO,9118.590698
ES_2012_1_F60_4,TOLIMA,SALDANA,F60,RIEGO,5/31/2012,NO,10/8/2012,NO,7996.819477
ES_2012_1_F733_1,TOLIMA,SALDANA,F733,RIEGO,5/31/2012,NO,10/8/2012,NO,9314.755814
ES_2012_1_F733_2,TOLIMA,SALDANA,F733,RIEGO,5/31/2012,NO,10/8/2012,NO,9790.332558
ES_2012_1_F733_3,TOLIMA,SALDANA,F733,RIEGO,5/31/2012,NO,10/8/2012,NO,9060.930233
ES_2012_1_F733_4,TOLIMA,SALDANA,F733,RIEGO,5/31/2012,NO,10/8/2012,NO,9477.910465
ENA_2010a_16493,TOLIMA,PURIFICACION,F50,RIEGO,4/26/2010,NO,9/4/2010,NO,6875
ENA_2009a_15513,TOLIMA,PURIFICACION,F60,RIEGO,3/20/2009,NO,7/29/2009,NO,5300
ENA_2009b_15513,TOLIMA,PURIFICACION,F60,RIEGO,7/3/2009,NO,11/11/2009,NO,5000
ENA_2008a_102633,TOLIMA,PURIFICACION,F2000,RIEGO,4/1/2008,NO,8/11/2008,NO,6250
ENA_2009a_16603,TOLIMA,PURIFICACION,F60,RIEGO,3/6/2009,NO,7/16/2009,NO,7375
ENA_2009b_16293,TOLIMA,PURIFICACION,ONLY RICE 228,RIEGO,7/11/2009,NO,11/20/2009,NO,5000
ENA_2008b_205172,TOLIMA,SALDANA,CIMARRON BARINAS,RIEGO,8/16/2008,NO,12/26/2008,NO,8000
ENA_2008a_100400,TOLIMA,SALDANA,COPROSEM 304,RIEGO,3/6/2008,NO,7/16/2008,NO,6312.5
ENA_2008a_110722,TOLIMA,SALDANA,F473,RIEGO,4/19/2008,NO,8/29/2008,NO,8000
ENA_2007a_205172,TOLIMA,SALDANA,F50,RIEGO,3/7/2007,NO,7/17/2007,NO,6437.5
ENA_2008b_100400,TOLIMA,SALDANA,F50,RIEGO,7/1/2008,NO,11/10/2008,NO,4687.5
ES_2012_1_F50_1,TOLIMA,SALDANA,F50,RIEGO,5/31/2012,NO,10/10/2012,NO,9189.113372
ES_2012_1_F50_2,TOLIMA,SALDANA,F50,RIEGO,5/31/2012,NO,10/10/2012,NO,9027.934593
ES_2012_1_F50_3,TOLIMA,SALDANA,F50,RIEGO,5/31/2012,NO,10/10/2012,NO,9474
ES_2012_1_F50_4,TOLIMA,SALDANA,F50,RIEGO,5/31/2012,NO,10/10/2012,NO,8268.455233
ES_2012_2_F50_1,TOLIMA,SALDANA,F50,RIEGO,7/3/2012,NO,11/12/2012,NO,7252.545349
ES_2012_2_F50_2,TOLIMA,SALDANA,F50,RIEGO,7/3/2012,NO,11/12/2012,NO,7564.751163
ES_2012_2_F50_3,TOLIMA,SALDANA,F50,RIEGO,7/3/2012,NO,11/12/2012,NO,8292.743314
ES_2012_2_F50_4,TOLIMA,SALDANA,F50,RIEGO,7/3/2012,NO,11/12/2012,NO,6301.707849
ENA_2008a_100234,TOLIMA,PURIFICACION,CIMARRON BARINAS,RIEGO,4/29/2008,NO,9/9/2008,NO,7000
ENA_2009a_16200,TOLIMA,PURIFICACION,CIMARRON BARINAS,RIEGO,3/28/2009,NO,8/8/2009,NO,6312.5
ENA_2011a_15371,TOLIMA,PURIFICACION,COLOMBIA XXI,RIEGO,2/7/2011,NO,6/20/2011,NO,8125
ENA_2009a_16680,TOLIMA,PURIFICACION,COPROSEM 304,RIEGO,3/16/2009,NO,7/27/2009,NO,6562.5
ENA_2009b_15716,TOLIMA,PURIFICACION,ONLY RICE 228,RIEGO,8/20/2009,NO,12/31/2009,NO,6437.5
ENA_2007a_100400,TOLIMA,SALDANA,CIMARRON BARINAS,RIEGO,5/26/2007,NO,10/6/2007,NO,5187.5
ENA_2008b_100150,TOLIMA,SALDANA,CIMARRON BARINAS,RIEGO,10/14/2008,NO,2/24/2009,NO,8125
ENA_2008b_110722,TOLIMA,SALDANA,CIMARRON BARINAS,RIEGO,11/4/2008,NO,3/17/2009,NO,9375
ENA_2008a_205172,TOLIMA,SALDANA,COLOMBIA XXI,RIEGO,3/27/2008,NO,8/7/2008,NO,7937.5
ENA_2008a_101689,TOLIMA,SALDANA,F275,RIEGO,5/9/2008,NO,9/19/2008,NO,7687.5
ENA_2008a_101723,TOLIMA,SALDANA,F50,RIEGO,4/24/2008,NO,9/4/2008,NO,7187.5
ENA_2011a_16306,TOLIMA,PURIFICACION,Clearfield,RIEGO,4/26/2011,NO,9/7/2011,NO,7187.5
ENA_2012a_15371,TOLIMA,PURIFICACION,COLOMBIA XXI,RIEGO,2/9/2012,NO,6/22/2012,NO,8437.5
ENA_2008a_106386,TOLIMA,PURIFICACION,F473,RIEGO,3/24/2008,NO,8/5/2008,NO,8125
ENA_2010a_16680,TOLIMA,PURIFICACION,F60,RIEGO,5/11/2010,NO,9/22/2010,NO,6562.5
ENA_2007a_101723,TOLIMA,SALDANA,F50,RIEGO,2/22/2007,NO,7/7/2007,NO,5000
ENA_2010b_15998,TOLIMA,PURIFICACION,F733,RIEGO,7/15/2010,NO,11/28/2010,NO,7125
ENA_2011b_15998,TOLIMA,PURIFICACION,F733,RIEGO,7/15/2010,NO,11/28/2010,NO,7125
ENA_2010b_16306,TOLIMA,PURIFICACION,LAGUNAS,RIEGO,8/15/2010,NO,12/30/2010,NO,6250
ENA_2011b_16306,TOLIMA,PURIFICACION,LAGUNAS,RIEGO,8/15/2010,NO,12/30/2010,NO,6250
ENA_2010b_15258,TOLIMA,PURIFICACION,F733,RIEGO,7/15/2010,NO,11/30/2010,NO,8250
ENA_2011b_15258,TOLIMA,PURIFICACION,F733,RIEGO,7/15/2010,NO,11/30/2010,NO,8250
ENA_2010b_15568,TOLIMA,PURIFICACION,F733,RIEGO,7/20/2010,NO,12/5/2010,NO,7312.5
ENA_2011b_15568,TOLIMA,PURIFICACION,F733,RIEGO,7/20/2010,NO,12/5/2010,NO,7312.5
ENA_2009b_15258,TOLIMA,PURIFICACION,ONLY RICE 228,RIEGO,7/3/2009,NO,11/18/2009,NO,6250
ENA_2010b_15716,TOLIMA,PURIFICACION,F733,RIEGO,11/27/2010,NO,4/15/2011,NO,8437.5
ENA_2011b_15716,TOLIMA,PURIFICACION,F733,RIEGO,11/27/2010,NO,4/15/2011,NO,8437.5
ENA_2007a_100150,TOLIMA,SALDANA,CIMARRON BARINAS,RIEGO,5/26/2007,NO,10/13/2007,NO,7812.5
ENA_2010b_16680,TOLIMA,PURIFICACION,LAGUNAS,RIEGO,8/1/2010,NO,12/20/2010,NO,6562.5
ENA_2011b_16680,TOLIMA,PURIFICACION,LAGUNAS,RIEGO,8/1/2010,NO,12/20/2010,NO,6562.5
ENA_2010b_16200,TOLIMA,PURIFICACION,F473,RIEGO,7/20/2010,NO,12/12/2010,NO,9625
ENA_2011b_16200,TOLIMA,PURIFICACION,F473,RIEGO,7/20/2010,NO,12/12/2010,NO,9625
ENA_2009a_16025,TOLIMA,PURIFICACION,F275,RIEGO,3/3/2009,NO,7/27/2009,NO,6200
ENA_2007a_101504,TOLIMA,PURIFICACION,CIMARRON BARINAS,RIEGO,5/14/2007,NO,10/9/2007,NO,8000
ES_2011a_3_F733_1,TOLIMA,SALDANA,F733,RIEGO,4/1/2011,NO,8/31/2011,NO,6791.860465
ES_2011a_3_F733_2,TOLIMA,SALDANA,F733,RIEGO,4/1/2011,NO,8/31/2011,NO,7829.651163
ES_2011a_3_F733_3,TOLIMA,SALDANA,F733,RIEGO,4/1/2011,NO,8/31/2011,NO,7541.860465
ES_2011a_3_F733_4,TOLIMA,SALDANA,F733,RIEGO,4/1/2011,NO,8/31/2011,NO,6877.616279
ENA_2009b_16680,TOLIMA,PURIFICACION,F60,RIEGO,8/20/2009,NO,1/20/2010,NO,5625
ENA_2009a_15998,TOLIMA,PURIFICACION,CIMARRON BARINAS,RIEGO,1/1/2009,NO,6/8/2009,NO,8375
ENA_2008b_100234,TOLIMA,PURIFICACION,FORTALEZA,RIEGO,10/11/2008,NO,3/19/2009,NO,7500
ENA_2007a_102633,TOLIMA,PURIFICACION,CIMARRON BARINAS,RIEGO,4/14/2007,NO,9/25/2007,NO,8187.5
RC62_2010_207,TOLIMA,PURIFICACION,ACD 2526,RIEGO,7/22/2010,YES,11/25/2010,NO,9125
RC62_2011_275,TOLIMA,PURIFICACION,ACD 2526,RIEGO,3/11/2011,YES,7/15/2011,NO,6375
RC62_2012_361,TOLIMA,PURIFICACION,ACD 2526,RIEGO,9/8/2011,YES,1/12/2012,NO,6875
RC62_2011_303,TOLIMA,PURIFICACION,ACD 2528,RIEGO,4/25/2011,YES,8/29/2011,NO,7500
RC62_2011_213,TOLIMA,PURIFICACION,ACD 2540,RIEGO,8/30/2010,YES,1/3/2011,NO,6563
RC62_2011_274,TOLIMA,PURIFICACION,caracoli,RIEGO,3/9/2011,YES,7/13/2011,NO,6250
RC62_2011_336,TOLIMA,PURIFICACION,CHICALA,RIEGO,8/6/2011,YES,12/10/2011,NO,4625
RC62_2011_345,TOLIMA,PURIFICACION,CHICALA,RIEGO,8/22/2011,YES,12/26/2011,NO,4687
RC62_2012_372,TOLIMA,PURIFICACION,CHICALA,RIEGO,9/14/2011,YES,1/18/2012,NO,6875
RC62_2010_13,TOLIMA,PURIFICACION,CIMARRON BARINAS,RIEGO,9/1/2009,YES,1/5/2010,NO,5886
RC62_2010_17,TOLIMA,PURIFICACION,CIMARRON BARINAS,RIEGO,9/4/2009,YES,1/8/2010,NO,7500
RC62_2010_22,TOLIMA,PURIFICACION,CIMARRON BARINAS,RIEGO,9/11/2009,YES,1/15/2010,NO,4687
RC62_2010_23,TOLIMA,PURIFICACION,CIMARRON BARINAS,RIEGO,9/11/2009,YES,1/15/2010,NO,3000
RC62_2010_26,TOLIMA,PURIFICACION,CIMARRON BARINAS,RIEGO,9/19/2009,YES,1/23/2010,NO,4687
RC62_2010_31,TOLIMA,PURIFICACION,CIMARRON BARINAS,RIEGO,9/25/2009,YES,1/29/2010,NO,6500
RC62_2010_56,TOLIMA,PURIFICACION,CIMARRON BARINAS,RIEGO,10/22/2009,YES,2/25/2010,NO,6562
RC62_2010_133,TOLIMA,PURIFICACION,COLOMBIA XXI,RIEGO,3/11/2010,YES,7/15/2010,NO,6437.5
RC62_2011_216,TOLIMA,PURIFICACION,COLOMBIA XXI,RIEGO,9/12/2010,YES,1/16/2011,NO,7813
RC62_2011_223,TOLIMA,PURIFICACION,COLOMBIA XXI,RIEGO,9/21/2010,YES,1/25/2011,NO,7063
RC62_2011_250,TOLIMA,PURIFICACION,COLOMBIA XXI,RIEGO,11/17/2010,YES,3/23/2011,NO,7812
RC62_2011_261,TOLIMA,PURIFICACION,COLOMBIA XXI,RIEGO,2/22/2011,YES,6/28/2011,NO,6468.75
RC62_2011_266,TOLIMA,PURIFICACION,COLOMBIA XXI,RIEGO,2/25/2011,YES,7/1/2011,NO,7250
RC62_2011_282,TOLIMA,PURIFICACION,COLOMBIA XXI,RIEGO,3/30/2011,YES,8/3/2011,NO,5687
RC62_2011_295,TOLIMA,PURIFICACION,COLOMBIA XXI,RIEGO,4/17/2011,YES,8/21/2011,NO,7211
RC62_2011_343,TOLIMA,PURIFICACION,COLOMBIA XXI,RIEGO,8/21/2011,YES,12/25/2011,NO,5800
RC62_2012_383,TOLIMA,PURIFICACION,COLOMBIA XXI,RIEGO,9/20/2011,YES,1/24/2012,NO,6250
RC62_2012_402,TOLIMA,PURIFICACION,COLOMBIA XXI,RIEGO,10/4/2011,YES,2/7/2012,NO,5312.5
RC62_2012_405,TOLIMA,PURIFICACION,COLOMBIA XXI,RIEGO,10/8/2011,YES,2/11/2012,NO,5000
RC62_2012_406,TOLIMA,PURIFICACION,COLOMBIA XXI,RIEGO,10/8/2011,YES,2/11/2012,NO,5625
RC62_2012_416,TOLIMA,PURIFICACION,COLOMBIA XXI,RIEGO,10/12/2011,YES,2/15/2012,NO,4687.5
RC62_2010_206,TOLIMA,PURIFICACION,DORADA,RIEGO,7/22/2010,YES,11/25/2010,NO,7375
RC62_2011_280,TOLIMA,PURIFICACION,DORADA 510,RIEGO,3/19/2011,YES,7/23/2011,NO,5062
RC62_2011_350,TOLIMA,PURIFICACION,DORADA 510,RIEGO,8/25/2011,YES,12/29/2011,NO,5250
RC62_2012_395,TOLIMA,PURIFICACION,F 473 + F 733,RIEGO,9/29/2011,YES,2/2/2012,NO,5000
RC62_2012_398,TOLIMA,PURIFICACION,F 473 + F 733,RIEGO,9/29/2011,YES,2/2/2012,NO,5000
RC62_2012_401,TOLIMA,PURIFICACION,F 473 + F 733,RIEGO,10/4/2011,YES,2/7/2012,NO,5312.5
RC62_2012_428,TOLIMA,PURIFICACION,F 473 + F 733,RIEGO,10/20/2011,YES,2/23/2012,NO,5312.5
RC62_2012_434,TOLIMA,PURIFICACION,F 473 + F 733,RIEGO,10/20/2011,YES,2/23/2012,NO,5312.5
RC62_2010_176,TOLIMA,PURIFICACION,F2000,RIEGO,4/21/2010,YES,8/25/2010,NO,7250
RC62_2010_202,TOLIMA,PURIFICACION,F2000,RIEGO,7/12/2010,YES,11/15/2010,NO,6687
RC62_2011_224,TOLIMA,PURIFICACION,F2000,RIEGO,9/21/2010,YES,1/25/2011,NO,7750
RC62_2011_242,TOLIMA,PURIFICACION,F2000,RIEGO,10/22/2010,YES,2/25/2011,NO,6250
RC62_2011_296,TOLIMA,PURIFICACION,F2000,RIEGO,4/18/2011,YES,8/22/2011,NO,7500
RC62_2010_28,TOLIMA,PURIFICACION,F275,RIEGO,9/21/2009,YES,1/25/2010,NO,5625
RC62_2011_232,TOLIMA,PURIFICACION,F473,RIEGO,10/12/2010,YES,2/15/2011,NO,8000
RC62_2011_243,TOLIMA,PURIFICACION,F473,RIEGO,10/22/2010,YES,2/25/2011,NO,7188
RC62_2012_365,TOLIMA,PURIFICACION,F473,RIEGO,9/9/2011,YES,1/13/2012,NO,6875
RC62_2012_424,TOLIMA,PURIFICACION,F473,RIEGO,10/20/2011,YES,2/23/2012,NO,5625
RC62_2012_446,TOLIMA,PURIFICACION,F473,RIEGO,10/22/2011,YES,2/25/2012,NO,5625
RC62_2012_450,TOLIMA,PURIFICACION,F473,RIEGO,10/31/2011,YES,3/5/2012,NO,5625
RC62_2012_452,TOLIMA,PURIFICACION,F473,RIEGO,10/31/2011,YES,3/5/2012,NO,5312.5
RC62_2010_130,TOLIMA,PURIFICACION,F50,RIEGO,3/11/2010,YES,7/15/2010,NO,3750
RC62_2010_149,TOLIMA,PURIFICACION,F50,RIEGO,3/21/2010,YES,7/25/2010,NO,5625
RC62_2010_152,TOLIMA,PURIFICACION,F50,RIEGO,3/22/2010,YES,7/26/2010,NO,3062.5
RC62_2010_155,TOLIMA,PURIFICACION,F50,RIEGO,3/24/2010,YES,7/28/2010,NO,5625
RC62_2010_156,TOLIMA,PURIFICACION,F50,RIEGO,3/24/2010,YES,7/28/2010,NO,5625
RC62_2010_161,TOLIMA,PURIFICACION,F50,RIEGO,4/6/2010,YES,8/10/2010,NO,5300
RC62_2010_165,TOLIMA,PURIFICACION,F50,RIEGO,4/8/2010,YES,8/12/2010,NO,5312
RC62_2010_18,TOLIMA,PURIFICACION,F60,RIEGO,9/7/2009,YES,1/11/2010,NO,6292
RC62_2010_36,TOLIMA,PURIFICACION,F60,RIEGO,10/3/2009,YES,2/6/2010,NO,7187
RC62_2010_74,TOLIMA,PURIFICACION,F60,RIEGO,12/12/2009,YES,4/17/2010,NO,5000
RC62_2010_77,TOLIMA,PURIFICACION,F60,RIEGO,12/27/2009,YES,5/2/2010,NO,6125
RC62_2010_82,TOLIMA,PURIFICACION,F60,RIEGO,1/9/2010,YES,5/15/2010,NO,7937
RC62_2010_90,TOLIMA,PURIFICACION,F60,RIEGO,1/16/2010,YES,5/22/2010,NO,7812
RC62_2010_93,TOLIMA,PURIFICACION,F60,RIEGO,1/19/2010,YES,5/25/2010,NO,5600
RC62_2010_99,TOLIMA,PURIFICACION,F60,RIEGO,1/22/2010,YES,5/28/2010,NO,6375
RC62_2010_100,TOLIMA,PURIFICACION,F60,RIEGO,1/22/2010,YES,5/28/2010,NO,8000
RC62_2010_106,TOLIMA,PURIFICACION,F60,RIEGO,1/26/2010,YES,6/1/2010,NO,7437.5
RC62_2010_113,TOLIMA,PURIFICACION,F60,RIEGO,2/2/2010,YES,6/8/2010,NO,6562.5
RC62_2010_126,TOLIMA,PURIFICACION,F60,RIEGO,2/19/2010,YES,6/25/2010,NO,7937
RC62_2010_132,TOLIMA,PURIFICACION,F60,RIEGO,3/11/2010,YES,7/15/2010,NO,7500
RC62_2010_135,TOLIMA,PURIFICACION,F60,RIEGO,3/12/2010,YES,7/16/2010,NO,8125
RC62_2010_150,TOLIMA,PURIFICACION,F60,RIEGO,3/21/2010,YES,7/25/2010,NO,6500
RC62_2010_163,TOLIMA,PURIFICACION,F60,RIEGO,4/6/2010,YES,8/10/2010,NO,7187
RC62_2010_179,TOLIMA,PURIFICACION,F60,RIEGO,4/22/2010,YES,8/26/2010,NO,6875
RC62_2011_220,TOLIMA,PURIFICACION,F60,RIEGO,9/17/2010,YES,1/21/2011,NO,7625
RC62_2011_230,TOLIMA,PURIFICACION,F60,RIEGO,10/11/2010,YES,2/14/2011,NO,6705
RC62_2011_238,TOLIMA,PURIFICACION,F60,RIEGO,10/16/2010,YES,2/19/2011,NO,7188
RC62_2011_240,TOLIMA,PURIFICACION,F60,RIEGO,10/19/2010,YES,2/22/2011,NO,6750
RC62_2012_460,TOLIMA,PURIFICACION,F60,RIEGO,11/14/2011,YES,3/19/2012,NO,5000
RC62_2010_78,TOLIMA,PURIFICACION,F733,RIEGO,12/30/2009,YES,5/5/2010,NO,6500
RC62_2010_84,TOLIMA,PURIFICACION,F733,RIEGO,1/9/2010,YES,5/15/2010,NO,8750
RC62_2010_98,TOLIMA,PURIFICACION,F733,RIEGO,1/22/2010,YES,5/28/2010,NO,5062.5
RC62_2010_102,TOLIMA,PURIFICACION,F733,RIEGO,1/24/2010,YES,5/30/2010,NO,5500
RC62_2010_105,TOLIMA,PURIFICACION,F733,RIEGO,1/26/2010,YES,6/1/2010,NO,7812.5
RC62_2010_110,TOLIMA,PURIFICACION,F733,RIEGO,1/31/2010,YES,6/6/2010,NO,7812.5
RC62_2010_111,TOLIMA,PURIFICACION,F733,RIEGO,2/2/2010,YES,6/8/2010,NO,7187.5
RC62_2010_115,TOLIMA,PURIFICACION,F733,RIEGO,2/4/2010,YES,6/10/2010,NO,6500
RC62_2010_120,TOLIMA,PURIFICACION,F733,RIEGO,2/5/2010,YES,6/11/2010,NO,4750
RC62_2010_131,TOLIMA,PURIFICACION,F733,RIEGO,3/11/2010,YES,7/15/2010,NO,8625
RC62_2010_137,TOLIMA,PURIFICACION,F733,RIEGO,3/14/2010,YES,7/18/2010,NO,8625
RC62_2010_143,TOLIMA,PURIFICACION,F733,RIEGO,3/18/2010,YES,7/22/2010,NO,8375
RC62_2010_146,TOLIMA,PURIFICACION,F733,RIEGO,3/20/2010,YES,7/24/2010,NO,7812.5
RC62_2010_162,TOLIMA,PURIFICACION,F733,RIEGO,4/6/2010,YES,8/10/2010,NO,8000
RC62_2010_186,TOLIMA,PURIFICACION,F733,RIEGO,5/12/2010,YES,9/15/2010,NO,6750
RC62_2010_193,TOLIMA,PURIFICACION,F733,RIEGO,6/16/2010,YES,10/20/2010,NO,7375
RC62_2010_199,TOLIMA,PURIFICACION,F733,RIEGO,7/7/2010,YES,11/10/2010,NO,4687
RC62_2011_227,TOLIMA,PURIFICACION,F733,RIEGO,9/26/2010,YES,1/30/2011,NO,8125
RC62_2011_229,TOLIMA,PURIFICACION,F733,RIEGO,10/7/2010,YES,2/10/2011,NO,7125
RC62_2011_241,TOLIMA,PURIFICACION,F733,RIEGO,10/21/2010,YES,2/24/2011,NO,8250
RC62_2011_247,TOLIMA,PURIFICACION,F733,RIEGO,10/24/2010,YES,2/27/2011,NO,7313
RC62_2011_251,TOLIMA,PURIFICACION,F733,RIEGO,11/22/2010,YES,3/28/2011,NO,7142
RC62_2011_267,TOLIMA,PURIFICACION,F733,RIEGO,2/25/2011,YES,7/1/2011,NO,8075
RC62_2011_281,TOLIMA,PURIFICACION,F733,RIEGO,3/30/2011,YES,8/3/2011,NO,6875
RC62_2011_284,TOLIMA,PURIFICACION,F733,RIEGO,4/6/2011,YES,8/10/2011,NO,7017
RC62_2011_285,TOLIMA,PURIFICACION,F733,RIEGO,4/6/2011,YES,8/10/2011,NO,6875
RC62_2011_287,TOLIMA,PURIFICACION,F733,RIEGO,4/8/2011,YES,8/12/2011,NO,6875
RC62_2011_289,TOLIMA,PURIFICACION,F733,RIEGO,4/11/2011,YES,8/15/2011,NO,7773
RC62_2011_290,TOLIMA,PURIFICACION,F733,RIEGO,4/12/2011,YES,8/16/2011,NO,7187
RC62_2011_291,TOLIMA,PURIFICACION,F733,RIEGO,4/12/2011,YES,8/16/2011,NO,7187
RC62_2011_298,TOLIMA,PURIFICACION,F733,RIEGO,4/20/2011,YES,8/24/2011,NO,6875
RC62_2011_300,TOLIMA,PURIFICACION,F733,RIEGO,4/22/2011,YES,8/26/2011,NO,6875
RC62_2011_304,TOLIMA,PURIFICACION,F733,RIEGO,4/26/2011,YES,8/30/2011,NO,7142
RC62_2011_310,TOLIMA,PURIFICACION,F733,RIEGO,6/21/2011,YES,10/25/2011,NO,6125
RC62_2011_315,TOLIMA,PURIFICACION,F733,RIEGO,6/28/2011,YES,11/1/2011,NO,5875
RC62_2011_321,TOLIMA,PURIFICACION,F733,RIEGO,7/12/2011,YES,11/15/2011,NO,6937.5
RC62_2011_322,TOLIMA,PURIFICACION,F733,RIEGO,7/12/2011,YES,11/15/2011,NO,6812.5
RC62_2011_329,TOLIMA,PURIFICACION,F733,RIEGO,7/28/2011,YES,12/1/2011,NO,6625
RC62_2011_339,TOLIMA,PURIFICACION,F733,RIEGO,8/12/2011,YES,12/16/2011,NO,6000
RC62_2011_340,TOLIMA,PURIFICACION,F733,RIEGO,8/16/2011,YES,12/20/2011,NO,5367
RC62_2011_349,TOLIMA,PURIFICACION,F733,RIEGO,8/24/2011,YES,12/28/2011,NO,4875
RC62_2012_352,TOLIMA,PURIFICACION,F733,RIEGO,9/1/2011,YES,1/5/2012,NO,6062
RC62_2012_355,TOLIMA,PURIFICACION,F733,RIEGO,9/6/2011,YES,1/10/2012,NO,5000
RC62_2012_362,TOLIMA,PURIFICACION,F733,RIEGO,9/8/2011,YES,1/12/2012,NO,5812
RC62_2012_385,TOLIMA,PURIFICACION,F733,RIEGO,9/22/2011,YES,1/26/2012,NO,5000
RC62_2012_389,TOLIMA,PURIFICACION,F733,RIEGO,9/24/2011,YES,1/28/2012,NO,4687.5
RC62_2012_396,TOLIMA,PURIFICACION,F733,RIEGO,9/29/2011,YES,2/2/2012,NO,5000
RC62_2012_403,TOLIMA,PURIFICACION,F733,RIEGO,10/4/2011,YES,2/7/2012,NO,4687.5
RC62_2012_404,TOLIMA,PURIFICACION,F733,RIEGO,10/8/2011,YES,2/11/2012,NO,5000
RC62_2012_409,TOLIMA,PURIFICACION,F733,RIEGO,10/8/2011,YES,2/11/2012,NO,5000
RC62_2012_410,TOLIMA,PURIFICACION,F733,RIEGO,10/11/2011,YES,2/14/2012,NO,5312.5
RC62_2012_419,TOLIMA,PURIFICACION,F733,RIEGO,10/12/2011,YES,2/15/2012,NO,5000
RC62_2012_420,TOLIMA,PURIFICACION,F733,RIEGO,10/12/2011,YES,2/15/2012,NO,5312.5
RC62_2012_423,TOLIMA,PURIFICACION,F733,RIEGO,10/20/2011,YES,2/23/2012,NO,5625
RC62_2012_425,TOLIMA,PURIFICACION,F733,RIEGO,10/20/2011,YES,2/23/2012,NO,5625
RC62_2012_426,TOLIMA,PURIFICACION,F733,RIEGO,10/20/2011,YES,2/23/2012,NO,5625
RC62_2012_429,TOLIMA,PURIFICACION,F733,RIEGO,10/20/2011,YES,2/23/2012,NO,5312.5
RC62_2012_432,TOLIMA,PURIFICACION,F733,RIEGO,10/20/2011,YES,2/23/2012,NO,5312.5
RC62_2012_433,TOLIMA,PURIFICACION,F733,RIEGO,10/20/2011,YES,2/23/2012,NO,5312.5
RC62_2012_437,TOLIMA,PURIFICACION,F733,RIEGO,10/22/2011,YES,2/25/2012,NO,5312.5
RC62_2012_440,TOLIMA,PURIFICACION,F733,RIEGO,10/22/2011,YES,2/25/2012,NO,5312.5
RC62_2012_444,TOLIMA,PURIFICACION,F733,RIEGO,10/22/2011,YES,2/25/2012,NO,5312.5
RC62_2012_447,TOLIMA,PURIFICACION,F733,RIEGO,10/22/2011,YES,2/25/2012,NO,5312.5
RC62_2012_451,TOLIMA,PURIFICACION,F733,RIEGO,10/31/2011,YES,3/5/2012,NO,5312.5
RC62_2012_453,TOLIMA,PURIFICACION,F733,RIEGO,10/31/2011,YES,3/5/2012,NO,5312.5
RC62_2012_455,TOLIMA,PURIFICACION,F733,RIEGO,11/5/2011,YES,3/10/2012,NO,5312.5
RC62_2012_456,TOLIMA,PURIFICACION,F733,RIEGO,11/5/2011,YES,3/10/2012,NO,5000
RC62_2012_461,TOLIMA,PURIFICACION,F733,RIEGO,12/5/2011,YES,4/9/2012,NO,5312.5
RC62_2012_470,TOLIMA,PURIFICACION,F733,RIEGO,1/5/2012,YES,5/10/2012,NO,6250
RC62_2012_488,TOLIMA,PURIFICACION,F733,RIEGO,2/16/2012,YES,6/21/2012,NO,5000
RC62_2012_502,TOLIMA,PURIFICACION,F733,RIEGO,3/23/2012,YES,7/27/2012,NO,6562.5
RC62_2010_19,TOLIMA,PURIFICACION,FORTALEZA,RIEGO,9/10/2009,YES,1/14/2010,NO,5125
RC62_2010_123,TOLIMA,PURIFICACION,FORTALEZA,RIEGO,2/9/2010,YES,6/15/2010,NO,6250
RC62_2010_194,TOLIMA,PURIFICACION,FORTALEZA,RIEGO,6/21/2010,YES,10/25/2010,NO,7875
RC62_2011_262,TOLIMA,PURIFICACION,LAGUNAS,RIEGO,2/22/2011,YES,6/28/2011,NO,6562.5
RC62_2011_263,TOLIMA,PURIFICACION,LAGUNAS,RIEGO,2/22/2011,YES,6/28/2011,NO,6125
RC62_2011_265,TOLIMA,PURIFICACION,LAGUNAS,RIEGO,2/24/2011,YES,6/30/2011,NO,5000
RC62_2011_268,TOLIMA,PURIFICACION,LAGUNAS,RIEGO,3/3/2011,YES,7/7/2011,NO,6750
RC62_2011_271,TOLIMA,PURIFICACION,LAGUNAS,RIEGO,3/7/2011,YES,7/11/2011,NO,4331
RC62_2011_273,TOLIMA,PURIFICACION,LAGUNAS,RIEGO,3/9/2011,YES,7/13/2011,NO,9187
RC62_2011_276,TOLIMA,PURIFICACION,LAGUNAS,RIEGO,3/14/2011,YES,7/18/2011,NO,6583
RC62_2011_277,TOLIMA,PURIFICACION,LAGUNAS,RIEGO,3/15/2011,YES,7/19/2011,NO,5312
RC62_2011_292,TOLIMA,PURIFICACION,LAGUNAS,RIEGO,4/12/2011,YES,8/16/2011,NO,5625
RC62_2011_302,TOLIMA,PURIFICACION,LAGUNAS,RIEGO,4/23/2011,YES,8/27/2011,NO,6250
RC62_2011_305,TOLIMA,PURIFICACION,LAGUNAS,RIEGO,4/27/2011,YES,8/31/2011,NO,7031
RC62_2011_306,TOLIMA,PURIFICACION,LAGUNAS,RIEGO,6/1/2011,YES,10/5/2011,NO,6875
RC62_2011_314,TOLIMA,PURIFICACION,LAGUNAS,RIEGO,6/28/2011,YES,11/1/2011,NO,7000
RC62_2011_318,TOLIMA,PURIFICACION,LAGUNAS,RIEGO,7/5/2011,YES,11/8/2011,NO,5687.5
RC62_2011_320,TOLIMA,PURIFICACION,LAGUNAS,RIEGO,7/6/2011,YES,11/9/2011,NO,6375
RC62_2011_325,TOLIMA,PURIFICACION,LAGUNAS,RIEGO,7/18/2011,YES,11/21/2011,NO,4250
RC62_2011_327,TOLIMA,PURIFICACION,LAGUNAS,RIEGO,7/22/2011,YES,11/25/2011,NO,5187
RC62_2011_335,TOLIMA,PURIFICACION,LAGUNAS,RIEGO,8/5/2011,YES,12/9/2011,NO,5062.5
RC62_2011_346,TOLIMA,PURIFICACION,LAGUNAS,RIEGO,8/22/2011,YES,12/26/2011,NO,5000
RC62_2011_351,TOLIMA,PURIFICACION,LAGUNAS,RIEGO,8/25/2011,YES,12/29/2011,NO,4062
RC62_2012_353,TOLIMA,PURIFICACION,LAGUNAS,RIEGO,9/1/2011,YES,1/5/2012,NO,6375
RC62_2012_366,TOLIMA,PURIFICACION,LAGUNAS,RIEGO,9/11/2011,YES,1/15/2012,NO,5000
RC62_2012_367,TOLIMA,PURIFICACION,LAGUNAS,RIEGO,9/11/2011,YES,1/15/2012,NO,4375
RC62_2012_368,TOLIMA,PURIFICACION,LAGUNAS,RIEGO,9/13/2011,YES,1/17/2012,NO,6250
RC62_2012_370,TOLIMA,PURIFICACION,LAGUNAS,RIEGO,9/13/2011,YES,1/17/2012,NO,5125
RC62_2012_371,TOLIMA,PURIFICACION,LAGUNAS,RIEGO,9/14/2011,YES,1/18/2012,NO,3500
RC62_2012_374,TOLIMA,PURIFICACION,LAGUNAS,RIEGO,9/16/2011,YES,1/20/2012,NO,5833.3
RC62_2012_375,TOLIMA,PURIFICACION,LAGUNAS,RIEGO,9/16/2011,YES,1/20/2012,NO,6125
RC62_2012_379,TOLIMA,PURIFICACION,LAGUNAS,RIEGO,9/19/2011,YES,1/23/2012,NO,5125
RC62_2012_391,TOLIMA,PURIFICACION,LAGUNAS,RIEGO,9/24/2011,YES,1/28/2012,NO,5312.5
RC62_2012_392,TOLIMA,PURIFICACION,LAGUNAS,RIEGO,9/24/2011,YES,1/28/2012,NO,5000
RC62_2012_393,TOLIMA,PURIFICACION,LAGUNAS,RIEGO,9/24/2011,YES,1/28/2012,NO,5000
RC62_2012_394,TOLIMA,PURIFICACION,LAGUNAS,RIEGO,9/29/2011,YES,2/2/2012,NO,5312.5
RC62_2012_397,TOLIMA,PURIFICACION,LAGUNAS,RIEGO,9/29/2011,YES,2/2/2012,NO,5000
RC62_2012_399,TOLIMA,PURIFICACION,LAGUNAS,RIEGO,10/4/2011,YES,2/7/2012,NO,5000
RC62_2012_400,TOLIMA,PURIFICACION,LAGUNAS,RIEGO,10/4/2011,YES,2/7/2012,NO,4937.5
RC62_2012_407,TOLIMA,PURIFICACION,LAGUNAS,RIEGO,10/8/2011,YES,2/11/2012,NO,5625
RC62_2012_408,TOLIMA,PURIFICACION,LAGUNAS,RIEGO,10/8/2011,YES,2/11/2012,NO,5625
RC62_2012_412,TOLIMA,PURIFICACION,LAGUNAS,RIEGO,10/11/2011,YES,2/14/2012,NO,5000
RC62_2012_414,TOLIMA,PURIFICACION,LAGUNAS,RIEGO,10/12/2011,YES,2/15/2012,NO,5000
RC62_2012_413,TOLIMA,PURIFICACION,LAGUNAS,RIEGO,10/12/2011,YES,2/15/2012,NO,5000
RC62_2012_417,TOLIMA,PURIFICACION,LAGUNAS,RIEGO,10/12/2011,YES,2/15/2012,NO,5312.5
RC62_2012_422,TOLIMA,PURIFICACION,LAGUNAS,RIEGO,10/13/2011,YES,2/16/2012,NO,5312.5
RC62_2012_427,TOLIMA,PURIFICACION,LAGUNAS,RIEGO,10/20/2011,YES,2/23/2012,NO,5312.5
RC62_2012_431,TOLIMA,PURIFICACION,LAGUNAS,RIEGO,10/20/2011,YES,2/23/2012,NO,5312.5
RC62_2012_435,TOLIMA,PURIFICACION,LAGUNAS,RIEGO,10/21/2011,YES,2/24/2012,NO,5312.5
RC62_2012_441,TOLIMA,PURIFICACION,LAGUNAS,RIEGO,10/22/2011,YES,2/25/2012,NO,5312.5
RC62_2012_442,TOLIMA,PURIFICACION,LAGUNAS,RIEGO,10/22/2011,YES,2/25/2012,NO,5312.5
RC62_2012_443,TOLIMA,PURIFICACION,LAGUNAS,RIEGO,10/22/2011,YES,2/25/2012,NO,5625
RC62_2012_448,TOLIMA,PURIFICACION,LAGUNAS,RIEGO,10/30/2011,YES,3/4/2012,NO,5000
RC62_2012_449,TOLIMA,PURIFICACION,LAGUNAS,RIEGO,10/30/2011,YES,3/4/2012,NO,5000
RC62_2012_454,TOLIMA,PURIFICACION,LAGUNAS,RIEGO,11/1/2011,YES,3/6/2012,NO,5312.5
RC62_2012_473,TOLIMA,PURIFICACION,LAGUNAS,RIEGO,1/6/2012,YES,5/11/2012,NO,5312.5
RC62_2012_477,TOLIMA,PURIFICACION,LAGUNAS,RIEGO,1/31/2012,YES,6/5/2012,NO,6250
RC62_2012_481,TOLIMA,PURIFICACION,LAGUNAS,RIEGO,2/8/2012,YES,6/13/2012,NO,6281
RC62_2012_492,TOLIMA,PURIFICACION,LAGUNAS,RIEGO,2/24/2012,YES,6/29/2012,NO,6562.5
RC62_2012_499,TOLIMA,PURIFICACION,LAGUNAS,RIEGO,3/15/2012,YES,7/19/2012,NO,6250
RC62_2012_500,TOLIMA,PURIFICACION,LAGUNAS,RIEGO,3/20/2012,YES,7/24/2012,NO,5250
RC62_2012_503,TOLIMA,PURIFICACION,LAGUNAS,RIEGO,3/23/2012,YES,7/27/2012,NO,5450
RC62_2012_513,TOLIMA,PURIFICACION,LAGUNAS,RIEGO,4/22/2012,YES,8/26/2012,NO,7187
RC62_2012_436,TOLIMA,PURIFICACION,LAGUNAS + F473,RIEGO,10/21/2011,YES,2/24/2012,NO,5312.5
RC62_2012_445,TOLIMA,PURIFICACION,LAGUNAS + F473,RIEGO,10/22/2011,YES,2/25/2012,NO,5000
RC62_2011_215,TOLIMA,PURIFICACION,MOCARI,RIEGO,9/9/2010,YES,1/13/2011,NO,5313
RC62_2011_228,TOLIMA,PURIFICACION,MOCARI,RIEGO,9/29/2010,YES,2/2/2011,NO,8000
RC62_2011_231,TOLIMA,PURIFICACION,MOCARI,RIEGO,10/12/2010,YES,2/15/2011,NO,5000
RC62_2011_233,TOLIMA,PURIFICACION,MOCARI,RIEGO,10/12/2010,YES,2/15/2011,NO,4875
RC62_2011_252,TOLIMA,PURIFICACION,MOCARI,RIEGO,11/22/2010,YES,3/28/2011,NO,6777
RC62_2011_347,TOLIMA,PURIFICACION,MOCARI,RIEGO,8/22/2011,YES,12/26/2011,NO,5750
RC62_2012_390,TOLIMA,PURIFICACION,MOCARI,RIEGO,9/24/2011,YES,1/28/2012,NO,5000
RC62_2012_411,TOLIMA,PURIFICACION,MOCARI,RIEGO,10/11/2011,YES,2/14/2012,NO,5312.5
RC62_2010_33,TOLIMA,PURIFICACION,ONLY RICE 228,RIEGO,10/1/2009,YES,2/4/2010,NO,6625
RC62_2010_41,TOLIMA,PURIFICACION,ONLY RICE 228,RIEGO,10/12/2009,YES,2/15/2010,NO,6250
RC62_2010_49,TOLIMA,PURIFICACION,ONLY RICE 228,RIEGO,10/16/2009,YES,2/19/2010,NO,5375
RC62_2010_53,TOLIMA,PURIFICACION,ONLY RICE 228,RIEGO,10/19/2009,YES,2/22/2010,NO,5984
RC62_2010_64,TOLIMA,PURIFICACION,ONLY RICE 228,RIEGO,11/29/2009,YES,4/4/2010,NO,5937
RC62_2010_66,TOLIMA,PURIFICACION,ONLY RICE 228,RIEGO,12/1/2009,YES,4/6/2010,NO,5000
RC62_2010_67,TOLIMA,PURIFICACION,ONLY RICE 228,RIEGO,12/2/2009,YES,4/7/2010,NO,5312
RC62_2010_69,TOLIMA,PURIFICACION,ONLY RICE 228,RIEGO,12/7/2009,YES,4/12/2010,NO,4375
RC62_2010_71,TOLIMA,PURIFICACION,ONLY RICE 228,RIEGO,12/10/2009,YES,4/15/2010,NO,6125
RC62_2010_73,TOLIMA,PURIFICACION,ONLY RICE 228,RIEGO,12/12/2009,YES,4/17/2010,NO,4687
RC62_2010_81,TOLIMA,PURIFICACION,ONLY RICE 228,RIEGO,1/8/2010,YES,5/14/2010,NO,5200
RC62_2010_83,TOLIMA,PURIFICACION,ONLY RICE 228,RIEGO,1/9/2010,YES,5/15/2010,NO,5937
RC62_2010_85,TOLIMA,PURIFICACION,ONLY RICE 228,RIEGO,1/9/2010,YES,5/15/2010,NO,3750
RC62_2010_92,TOLIMA,PURIFICACION,ONLY RICE 228,RIEGO,1/19/2010,YES,5/25/2010,NO,4425
RC62_2010_94,TOLIMA,PURIFICACION,ONLY RICE 228,RIEGO,1/19/2010,YES,5/25/2010,NO,4375
RC62_2010_97,TOLIMA,PURIFICACION,ONLY RICE 228,RIEGO,1/21/2010,YES,5/27/2010,NO,3417
RC62_2010_103,TOLIMA,PURIFICACION,ONLY RICE 228,RIEGO,1/24/2010,YES,5/30/2010,NO,6500
RC62_2010_107,TOLIMA,PURIFICACION,ONLY RICE 228,RIEGO,1/27/2010,YES,6/2/2010,NO,7187
RC62_2010_109,TOLIMA,PURIFICACION,ONLY RICE 228,RIEGO,1/29/2010,YES,6/4/2010,NO,4375
RC62_2010_112,TOLIMA,PURIFICACION,ONLY RICE 228,RIEGO,2/2/2010,YES,6/8/2010,NO,4187.5
RC62_2010_118,TOLIMA,PURIFICACION,ONLY RICE 228,RIEGO,2/5/2010,YES,6/11/2010,NO,4250
RC62_2010_119,TOLIMA,PURIFICACION,ONLY RICE 228,RIEGO,2/5/2010,YES,6/11/2010,NO,5625
RC62_2010_121,TOLIMA,PURIFICACION,ONLY RICE 228,RIEGO,2/5/2010,YES,6/11/2010,NO,5125
RC62_2010_122,TOLIMA,PURIFICACION,ONLY RICE 228,RIEGO,2/5/2010,YES,6/11/2010,NO,4687.5
RC62_2010_134,TOLIMA,PURIFICACION,ONLY RICE 228,RIEGO,3/12/2010,YES,7/16/2010,NO,4687.5
RC62_2010_138,TOLIMA,PURIFICACION,ONLY RICE 228,RIEGO,3/14/2010,YES,7/18/2010,NO,6250
RC62_2010_147,TOLIMA,PURIFICACION,ONLY RICE 228,RIEGO,3/20/2010,YES,7/24/2010,NO,5634
RC62_2010_192,TOLIMA,PURIFICACION,ONLY RICE 228,RIEGO,6/15/2010,YES,10/19/2010,NO,7080
RC62_2012_382,TOLIMA,PURIFICACION,ONLY RICE 228,RIEGO,9/20/2011,YES,1/24/2012,NO,5875
RC62_2012_418,TOLIMA,PURIFICACION,ONLY RICE 228,RIEGO,10/12/2011,YES,2/15/2012,NO,5000
RC62_2012_430,TOLIMA,PURIFICACION,ONLY RICE 228,RIEGO,10/20/2011,YES,2/23/2012,NO,5625
RC62_2012_439,TOLIMA,PURIFICACION,ONLY RICE 228,RIEGO,10/22/2011,YES,2/25/2012,NO,5000
RC62_2010_117,TOLIMA,PURIFICACION,ONLY RICE 555,RIEGO,2/5/2010,YES,6/11/2010,NO,4375
RC62_2010_27,TOLIMA,PURIFICACION,ORYZICA 1,RIEGO,9/21/2009,YES,1/25/2010,NO,5875
RC62_2011_332,TOLIMA,PURIFICACION,ORYZICA 1,RIEGO,8/1/2011,YES,12/5/2011,NO,5937
RC62_2012_486,TOLIMA,PURIFICACION,ORYZICA 1,RIEGO,2/15/2012,YES,6/20/2012,NO,6250
RC62_2010_15,TOLIMA,PURIFICACION,PANORAMA ,RIEGO,9/3/2009,YES,1/7/2010,NO,7312
RC62_2010_173,TOLIMA,PURIFICACION,PANORAMA ,RIEGO,4/19/2010,YES,8/23/2010,NO,8187
RC62_2010_201,TOLIMA,PURIFICACION,PANORAMA ,RIEGO,7/12/2010,YES,11/15/2010,NO,6437
RC62_2011_222,TOLIMA,PURIFICACION,PANORAMA ,RIEGO,9/20/2010,YES,1/24/2011,NO,7813
RC62_2011_246,TOLIMA,PURIFICACION,PANORAMA ,RIEGO,10/24/2010,YES,2/27/2011,NO,6250
RC62_2011_258,TOLIMA,PURIFICACION,PANORAMA ,RIEGO,2/14/2011,YES,6/20/2011,NO,2000
RC62_2011_269,TOLIMA,PURIFICACION,PANORAMA ,RIEGO,3/6/2011,YES,7/10/2011,NO,8437
RC62_2011_272,TOLIMA,PURIFICACION,PANORAMA ,RIEGO,3/8/2011,YES,7/12/2011,NO,7812
RC62_2011_278,TOLIMA,PURIFICACION,PANORAMA ,RIEGO,3/18/2011,YES,7/22/2011,NO,6937
RC62_2011_312,TOLIMA,PURIFICACION,PANORAMA ,RIEGO,6/24/2011,YES,10/28/2011,NO,5000
RC62_2011_344,TOLIMA,PURIFICACION,PANORAMA ,RIEGO,8/22/2011,YES,12/26/2011,NO,5000
RC62_2012_415,TOLIMA,PURIFICACION,PANORAMA ,RIEGO,10/12/2011,YES,2/15/2012,NO,5312.5
RC62_2012_421,TOLIMA,PURIFICACION,PANORAMA ,RIEGO,10/12/2011,YES,2/15/2012,NO,5312.5
RC62_2012_512,TOLIMA,PURIFICACION,PANORAMA ,RIEGO,4/22/2012,YES,8/26/2012,NO,7625
RC62_2010_175,TOLIMA,PURIFICACION,PANORAMA + F2000,RIEGO,4/21/2010,YES,8/25/2010,NO,8750
RC62_2012_438,TOLIMA,PURIFICACION,S-256,RIEGO,10/22/2011,YES,2/25/2012,NO,5000
RC62_2011_244,TOLIMA,PURIFICACION,YUMA,RIEGO,10/23/2010,YES,2/26/2011,NO,6313
RC62_2012_369,TOLIMA,PURIFICACION,YUMA,RIEGO,9/13/2011,YES,1/17/2012,NO,5000
RC62_2012_457,TOLIMA,PURIFICACION,YUMA,RIEGO,11/5/2011,YES,3/10/2012,NO,5000
RC62_2010_76,TOLIMA,SALDANA,CHICALA,RIEGO,12/19/2009,YES,4/24/2010,NO,5600
RC62_2011_348,TOLIMA,SALDANA,CHICALA,RIEGO,8/23/2011,YES,12/27/2011,NO,5163
RC62_2010_12,TOLIMA,SALDANA,CIMARRON BARINAS,RIEGO,8/31/2009,YES,1/4/2010,NO,4750
RC62_2010_16,TOLIMA,SALDANA,CIMARRON BARINAS,RIEGO,9/3/2009,YES,1/7/2010,NO,3437
RC62_2010_24,TOLIMA,SALDANA,CIMARRON BARINAS,RIEGO,9/11/2009,YES,1/15/2010,NO,5000
RC62_2010_47,TOLIMA,SALDANA,CIMARRON BARINAS,RIEGO,10/15/2009,YES,2/18/2010,NO,6562
RC62_2010_50,TOLIMA,SALDANA,CIMARRON BARINAS,RIEGO,10/16/2009,YES,2/19/2010,NO,5312
RC62_2010_55,TOLIMA,SALDANA,CIMARRON BARINAS,RIEGO,10/19/2009,YES,2/22/2010,NO,5375
RC62_2010_104,TOLIMA,SALDANA,COLOMBIA XXI,RIEGO,1/24/2010,YES,5/30/2010,NO,7250
RC62_2010_166,TOLIMA,SALDANA,COLOMBIA XXI,RIEGO,4/9/2010,YES,8/13/2010,NO,7500
RC62_2010_167,TOLIMA,SALDANA,COLOMBIA XXI,RIEGO,4/10/2010,YES,8/14/2010,NO,7500
RC62_2010_168,TOLIMA,SALDANA,COLOMBIA XXI,RIEGO,4/10/2010,YES,8/14/2010,NO,7812
RC62_2010_184,TOLIMA,SALDANA,COLOMBIA XXI,RIEGO,5/2/2010,YES,9/5/2010,NO,6554
RC62_2010_189,TOLIMA,SALDANA,COLOMBIA XXI,RIEGO,5/29/2010,YES,10/2/2010,NO,8437
RC62_2010_190,TOLIMA,SALDANA,COLOMBIA XXI,RIEGO,6/8/2010,YES,10/12/2010,NO,6875
RC62_2010_205,TOLIMA,SALDANA,COLOMBIA XXI,RIEGO,7/19/2010,YES,11/22/2010,NO,8500
RC62_2010_209,TOLIMA,SALDANA,COLOMBIA XXI,RIEGO,8/10/2010,YES,12/14/2010,NO,7813
RC62_2010_211,TOLIMA,SALDANA,COLOMBIA XXI,RIEGO,8/19/2010,YES,12/23/2010,NO,6875
RC62_2011_245,TOLIMA,SALDANA,COLOMBIA XXI,RIEGO,10/23/2010,YES,2/26/2011,NO,7250
RC62_2011_264,TOLIMA,SALDANA,COLOMBIA XXI,RIEGO,2/23/2011,YES,6/29/2011,NO,6250
RC62_2011_288,TOLIMA,SALDANA,COLOMBIA XXI,RIEGO,4/9/2011,YES,8/13/2011,NO,7000
RC62_2011_316,TOLIMA,SALDANA,COLOMBIA XXI,RIEGO,6/28/2011,YES,11/1/2011,NO,5000
RC62_2012_494,TOLIMA,SALDANA,COLOMBIA XXI,RIEGO,2/24/2012,YES,6/29/2012,NO,7000
RC62_2012_521,TOLIMA,SALDANA,COLOMBIA XXI,RIEGO,5/7/2012,YES,9/10/2012,NO,7187
RC62_2010_195,TOLIMA,SALDANA,COPROSEM 304,RIEGO,6/21/2010,YES,10/25/2010,NO,6125
RC62_2010_197,TOLIMA,SALDANA,DORADA,RIEGO,6/21/2010,YES,10/25/2010,NO,8875
RC62_2010_43,TOLIMA,SALDANA,F2000,RIEGO,10/12/2009,YES,2/15/2010,NO,5000
RC62_2010_180,TOLIMA,SALDANA,F2000,RIEGO,4/26/2010,YES,8/30/2010,NO,7875
RC62_2011_255,TOLIMA,SALDANA,F2000,RIEGO,1/14/2011,YES,5/20/2011,NO,7312.5
RC62_2010_25,TOLIMA,SALDANA,F275,RIEGO,9/18/2009,YES,1/22/2010,NO,6250
RC62_2010_32,TOLIMA,SALDANA,F275,RIEGO,9/25/2009,YES,1/29/2010,NO,5000
RC62_2010_38,TOLIMA,SALDANA,F275,RIEGO,10/7/2009,YES,2/10/2010,NO,7187
RC62_2010_51,TOLIMA,SALDANA,F275,RIEGO,10/17/2009,YES,2/20/2010,NO,5750
RC62_2010_59,TOLIMA,SALDANA,F275,RIEGO,10/23/2009,YES,2/26/2010,NO,6250
RC62_2010_75,TOLIMA,SALDANA,F275,RIEGO,12/17/2009,YES,4/22/2010,NO,5625
RC62_2010_148,TOLIMA,SALDANA,F275,RIEGO,3/20/2010,YES,7/24/2010,NO,6800
RC62_2010_177,TOLIMA,SALDANA,F275,RIEGO,4/21/2010,YES,8/25/2010,NO,7687
RC62_2010_153,TOLIMA,SALDANA,F473,RIEGO,3/22/2010,YES,7/26/2010,NO,8148
RC62_2010_154,TOLIMA,SALDANA,F473,RIEGO,3/22/2010,YES,7/26/2010,NO,7812
RC62_2010_157,TOLIMA,SALDANA,F473,RIEGO,3/24/2010,YES,7/28/2010,NO,8375
RC62_2010_158,TOLIMA,SALDANA,F473,RIEGO,3/26/2010,YES,7/30/2010,NO,8437
RC62_2011_279,TOLIMA,SALDANA,F473,RIEGO,3/18/2011,YES,7/22/2011,NO,8000
RC62_2012_381,TOLIMA,SALDANA,F473,RIEGO,9/19/2011,YES,1/23/2012,NO,6875
RC62_2012_469,TOLIMA,SALDANA,F473,RIEGO,1/1/2012,YES,5/6/2012,NO,6875
RC62_2012_511,TOLIMA,SALDANA,F473,RIEGO,4/21/2012,YES,8/25/2012,NO,7625
RC62_2012_517,TOLIMA,SALDANA,F473,RIEGO,4/25/2012,YES,8/29/2012,NO,7784
RC62_2012_524,TOLIMA,SALDANA,F473,RIEGO,5/17/2012,YES,9/20/2012,NO,8317
RC62_2012_531,TOLIMA,SALDANA,F473,RIEGO,6/4/2012,YES,10/8/2012,NO,6625
RC62_2010_40,TOLIMA,SALDANA,F50,RIEGO,10/10/2009,YES,2/13/2010,NO,5312
RC62_2010_86,TOLIMA,SALDANA,F50,RIEGO,1/9/2010,YES,5/15/2010,NO,4000
RC62_2010_101,TOLIMA,SALDANA,F50,RIEGO,1/22/2010,YES,5/28/2010,NO,6500
RC62_2010_128,TOLIMA,SALDANA,F50,RIEGO,3/6/2010,YES,7/10/2010,NO,6750
RC62_2010_140,TOLIMA,SALDANA,F50,RIEGO,3/14/2010,YES,7/18/2010,NO,7812
RC62_2010_178,TOLIMA,SALDANA,F50,RIEGO,4/21/2010,YES,8/25/2010,NO,4062
RC62_2010_204,TOLIMA,SALDANA,F50,RIEGO,7/14/2010,YES,11/17/2010,NO,6875
RC62_2011_214,TOLIMA,SALDANA,F50,RIEGO,9/8/2010,YES,1/12/2011,NO,6250
RC62_2012_527,TOLIMA,SALDANA,F50,RIEGO,5/26/2012,YES,9/29/2012,NO,6250
RC62_2010_20,TOLIMA,SALDANA,F60,RIEGO,9/10/2009,YES,1/14/2010,NO,3125
RC62_2010_30,TOLIMA,SALDANA,F60,RIEGO,9/23/2009,YES,1/27/2010,NO,6875
RC62_2010_42,TOLIMA,SALDANA,F60,RIEGO,10/12/2009,YES,2/15/2010,NO,5750
RC62_2010_58,TOLIMA,SALDANA,F60,RIEGO,10/22/2009,YES,2/25/2010,NO,5125
RC62_2010_62,TOLIMA,SALDANA,F60,RIEGO,10/28/2009,YES,3/3/2010,NO,7812
RC62_2010_65,TOLIMA,SALDANA,F60,RIEGO,11/30/2009,YES,4/5/2010,NO,5000
RC62_2010_88,TOLIMA,SALDANA,F60,RIEGO,1/11/2010,YES,5/17/2010,NO,4562
RC62_2010_91,TOLIMA,SALDANA,F60,RIEGO,1/16/2010,YES,5/22/2010,NO,4868
RC62_2010_141,TOLIMA,SALDANA,F60,RIEGO,3/15/2010,YES,7/19/2010,NO,6562
RC62_2010_142,TOLIMA,SALDANA,F60,RIEGO,3/16/2010,YES,7/20/2010,NO,7625
RC62_2010_144,TOLIMA,SALDANA,F60,RIEGO,3/18/2010,YES,7/22/2010,NO,6875
RC62_2010_159,TOLIMA,SALDANA,F60,RIEGO,3/26/2010,YES,7/30/2010,NO,6300
RC62_2010_171,TOLIMA,SALDANA,F60,RIEGO,4/15/2010,YES,8/19/2010,NO,7750
RC62_2010_174,TOLIMA,SALDANA,F60,RIEGO,4/19/2010,YES,8/23/2010,NO,9218
RC62_2010_183,TOLIMA,SALDANA,F60,RIEGO,5/2/2010,YES,9/5/2010,NO,6500
RC62_2010_187,TOLIMA,SALDANA,F60,RIEGO,5/25/2010,YES,9/28/2010,NO,7500
RC62_2010_191,TOLIMA,SALDANA,F60,RIEGO,6/11/2010,YES,10/15/2010,NO,8312
RC62_2010_198,TOLIMA,SALDANA,F60,RIEGO,6/28/2010,YES,11/1/2010,NO,4500
RC62_2011_341,TOLIMA,SALDANA,F60,RIEGO,8/16/2011,YES,12/20/2011,NO,5625
RC62_2012_483,TOLIMA,SALDANA,F60,RIEGO,2/9/2012,YES,6/14/2012,NO,6875
RC62_2012_482,TOLIMA,SALDANA,F60,RIEGO,2/9/2012,YES,6/14/2012,NO,6875
RC62_2012_529,TOLIMA,SALDANA,F60,RIEGO,5/30/2012,YES,10/3/2012,NO,6250
RC62_2010_37,TOLIMA,SALDANA,F60 + F275,RIEGO,10/7/2009,YES,2/10/2010,NO,6250
RC62_2010_60,TOLIMA,SALDANA,F733,RIEGO,10/24/2009,YES,2/27/2010,NO,4937
RC62_2010_108,TOLIMA,SALDANA,F733,RIEGO,1/27/2010,YES,6/2/2010,NO,6750
RC62_2010_125,TOLIMA,SALDANA,F733,RIEGO,2/12/2010,YES,6/18/2010,NO,8625
RC62_2010_127,TOLIMA,SALDANA,F733,RIEGO,3/6/2010,YES,7/10/2010,NO,6250
RC62_2010_160,TOLIMA,SALDANA,F733,RIEGO,4/3/2010,YES,8/7/2010,NO,7562
RC62_2010_164,TOLIMA,SALDANA,F733,RIEGO,4/7/2010,YES,8/11/2010,NO,7500
RC62_2010_169,TOLIMA,SALDANA,F733,RIEGO,4/11/2010,YES,8/15/2010,NO,8125
RC62_2010_185,TOLIMA,SALDANA,F733,RIEGO,5/7/2010,YES,9/10/2010,NO,8125
RC62_2010_188,TOLIMA,SALDANA,F733,RIEGO,5/29/2010,YES,10/2/2010,NO,8687
RC62_2010_200,TOLIMA,SALDANA,F733,RIEGO,7/7/2010,YES,11/10/2010,NO,7125
RC62_2010_203,TOLIMA,SALDANA,F733,RIEGO,7/12/2010,YES,11/15/2010,NO,7312
RC62_2011_219,TOLIMA,SALDANA,F733,RIEGO,9/16/2010,YES,1/20/2011,NO,8313
RC62_2011_225,TOLIMA,SALDANA,F733,RIEGO,9/21/2010,YES,1/25/2011,NO,8438
RC62_2011_226,TOLIMA,SALDANA,F733,RIEGO,9/23/2010,YES,1/27/2011,NO,7125
RC62_2011_235,TOLIMA,SALDANA,F733,RIEGO,10/15/2010,YES,2/18/2011,NO,7188
RC62_2011_237,TOLIMA,SALDANA,F733,RIEGO,10/15/2010,YES,2/18/2011,NO,6750
RC62_2011_239,TOLIMA,SALDANA,F733,RIEGO,10/18/2010,YES,2/21/2011,NO,7438
RC62_2011_248,TOLIMA,SALDANA,F733,RIEGO,10/30/2010,YES,3/5/2011,NO,7125
RC62_2011_259,TOLIMA,SALDANA,F733,RIEGO,2/19/2011,YES,6/25/2011,NO,6437.5
RC62_2011_270,TOLIMA,SALDANA,F733,RIEGO,3/6/2011,YES,7/10/2011,NO,6989
RC62_2011_307,TOLIMA,SALDANA,F733,RIEGO,6/1/2011,YES,10/5/2011,NO,5593.75
RC62_2011_309,TOLIMA,SALDANA,F733,RIEGO,6/16/2011,YES,10/20/2011,NO,6562.5
RC62_2011_313,TOLIMA,SALDANA,F733,RIEGO,6/25/2011,YES,10/29/2011,NO,5750
RC62_2011_317,TOLIMA,SALDANA,F733,RIEGO,6/28/2011,YES,11/1/2011,NO,4250
RC62_2011_319,TOLIMA,SALDANA,F733,RIEGO,7/5/2011,YES,11/8/2011,NO,4750
RC62_2011_330,TOLIMA,SALDANA,F733,RIEGO,7/28/2011,YES,12/1/2011,NO,6375
RC62_2011_342,TOLIMA,SALDANA,F733,RIEGO,8/16/2011,YES,12/20/2011,NO,6562
RC62_2012_359,TOLIMA,SALDANA,F733,RIEGO,9/6/2011,YES,1/10/2012,NO,5875
RC62_2012_360,TOLIMA,SALDANA,F733,RIEGO,9/6/2011,YES,1/10/2012,NO,5312.5
RC62_2012_377,TOLIMA,SALDANA,F733,RIEGO,9/16/2011,YES,1/20/2012,NO,6562.5
RC62_2012_378,TOLIMA,SALDANA,F733,RIEGO,9/16/2011,YES,1/20/2012,NO,6000
RC62_2012_384,TOLIMA,SALDANA,F733,RIEGO,9/21/2011,YES,1/25/2012,NO,5625
RC62_2012_386,TOLIMA,SALDANA,F733,RIEGO,9/22/2011,YES,1/26/2012,NO,5937
RC62_2012_388,TOLIMA,SALDANA,F733,RIEGO,9/22/2011,YES,1/26/2012,NO,5625
RC62_2012_463,TOLIMA,SALDANA,F733,RIEGO,12/11/2011,YES,4/15/2012,NO,6562.5
RC62_2012_464,TOLIMA,SALDANA,F733,RIEGO,12/14/2011,YES,4/18/2012,NO,6562
RC62_2012_465,TOLIMA,SALDANA,F733,RIEGO,12/20/2011,YES,4/24/2012,NO,7500
RC62_2012_472,TOLIMA,SALDANA,F733,RIEGO,1/5/2012,YES,5/10/2012,NO,7187.5
RC62_2012_474,TOLIMA,SALDANA,F733,RIEGO,1/20/2012,YES,5/25/2012,NO,7500
RC62_2012_476,TOLIMA,SALDANA,F733,RIEGO,1/27/2012,YES,6/1/2012,NO,7500
RC62_2012_487,TOLIMA,SALDANA,F733,RIEGO,2/15/2012,YES,6/20/2012,NO,6562
RC62_2012_495,TOLIMA,SALDANA,F733,RIEGO,2/24/2012,YES,6/29/2012,NO,6875
RC62_2012_493,TOLIMA,SALDANA,F733,RIEGO,2/24/2012,YES,6/29/2012,NO,7062.5
RC62_2012_498,TOLIMA,SALDANA,F733,RIEGO,3/5/2012,YES,7/9/2012,NO,6875
RC62_2012_514,TOLIMA,SALDANA,F733,RIEGO,4/23/2012,YES,8/27/2012,NO,6875
RC62_2012_515,TOLIMA,SALDANA,F733,RIEGO,4/23/2012,YES,8/27/2012,NO,7000
RC62_2012_523,TOLIMA,SALDANA,F733,RIEGO,5/9/2012,YES,9/12/2012,NO,6562
RC62_2012_525,TOLIMA,SALDANA,F733,RIEGO,5/17/2012,YES,9/20/2012,NO,8125
RC62_2012_528,TOLIMA,SALDANA,F733,RIEGO,5/27/2012,YES,9/30/2012,NO,7500
RC62_2012_532,TOLIMA,SALDANA,F733,RIEGO,6/6/2012,YES,10/10/2012,NO,4700
RC62_2012_535,TOLIMA,SALDANA,F733,RIEGO,7/9/2012,YES,11/12/2012,NO,5625
RC62_2012_538,TOLIMA,SALDANA,F733,RIEGO,7/10/2012,YES,11/13/2012,NO,6875
RC62_2010_172,TOLIMA,SALDANA,FORTALEZA,RIEGO,4/16/2010,YES,8/20/2010,NO,8437
RC62_2012_373,TOLIMA,SALDANA,FORTALEZA,RIEGO,9/15/2011,YES,1/19/2012,NO,5437.5
RC62_2011_217,TOLIMA,SALDANA,LAGUNAS,RIEGO,9/14/2010,YES,1/18/2011,NO,7250
RC62_2011_236,TOLIMA,SALDANA,LAGUNAS,RIEGO,10/15/2010,YES,2/18/2011,NO,5625
RC62_2011_283,TOLIMA,SALDANA,LAGUNAS,RIEGO,4/5/2011,YES,8/9/2011,NO,5555
RC62_2011_286,TOLIMA,SALDANA,LAGUNAS,RIEGO,4/6/2011,YES,8/10/2011,NO,6053
RC62_2011_293,TOLIMA,SALDANA,LAGUNAS,RIEGO,4/12/2011,YES,8/16/2011,NO,8625
RC62_2011_294,TOLIMA,SALDANA,LAGUNAS,RIEGO,4/12/2011,YES,8/16/2011,NO,5750
RC62_2011_297,TOLIMA,SALDANA,LAGUNAS,RIEGO,4/18/2011,YES,8/22/2011,NO,5862
RC62_2011_299,TOLIMA,SALDANA,LAGUNAS,RIEGO,4/20/2011,YES,8/24/2011,NO,7375
RC62_2011_301,TOLIMA,SALDANA,LAGUNAS,RIEGO,4/22/2011,YES,8/26/2011,NO,6266
RC62_2011_308,TOLIMA,SALDANA,LAGUNAS,RIEGO,6/10/2011,YES,10/14/2011,NO,6500
RC62_2011_311,TOLIMA,SALDANA,LAGUNAS,RIEGO,6/22/2011,YES,10/26/2011,NO,5687.5
RC62_2011_323,TOLIMA,SALDANA,LAGUNAS,RIEGO,7/14/2011,YES,11/17/2011,NO,7000
RC62_2011_324,TOLIMA,SALDANA,LAGUNAS,RIEGO,7/16/2011,YES,11/19/2011,NO,5562.5
RC62_2011_326,TOLIMA,SALDANA,LAGUNAS,RIEGO,7/21/2011,YES,11/24/2011,NO,5000
RC62_2011_328,TOLIMA,SALDANA,LAGUNAS,RIEGO,7/26/2011,YES,11/29/2011,NO,5625
RC62_2011_331,TOLIMA,SALDANA,LAGUNAS,RIEGO,7/28/2011,YES,12/1/2011,NO,6937.5
RC62_2011_333,TOLIMA,SALDANA,LAGUNAS,RIEGO,8/2/2011,YES,12/6/2011,NO,5375
RC62_2011_334,TOLIMA,SALDANA,LAGUNAS,RIEGO,8/4/2011,YES,12/8/2011,NO,7312.5
RC62_2011_337,TOLIMA,SALDANA,LAGUNAS,RIEGO,8/7/2011,YES,12/11/2011,NO,4437.5
RC62_2011_338,TOLIMA,SALDANA,LAGUNAS,RIEGO,8/9/2011,YES,12/13/2011,NO,5812.5
RC62_2012_354,TOLIMA,SALDANA,LAGUNAS,RIEGO,9/1/2011,YES,1/5/2012,NO,4687.5
RC62_2012_358,TOLIMA,SALDANA,LAGUNAS,RIEGO,9/6/2011,YES,1/10/2012,NO,5625
RC62_2012_363,TOLIMA,SALDANA,LAGUNAS,RIEGO,9/8/2011,YES,1/12/2012,NO,7041.6
RC62_2012_364,TOLIMA,SALDANA,LAGUNAS,RIEGO,9/8/2011,YES,1/12/2012,NO,5312
RC62_2012_376,TOLIMA,SALDANA,LAGUNAS,RIEGO,9/16/2011,YES,1/20/2012,NO,5375
RC62_2012_380,TOLIMA,SALDANA,LAGUNAS,RIEGO,9/19/2011,YES,1/23/2012,NO,5043.5
RC62_2012_387,TOLIMA,SALDANA,LAGUNAS,RIEGO,9/22/2011,YES,1/26/2012,NO,5812.5
RC62_2012_459,TOLIMA,SALDANA,LAGUNAS,RIEGO,11/10/2011,YES,3/15/2012,NO,5750
RC62_2012_458,TOLIMA,SALDANA,LAGUNAS,RIEGO,11/10/2011,YES,3/15/2012,NO,7125
RC62_2012_467,TOLIMA,SALDANA,LAGUNAS,RIEGO,12/29/2011,YES,5/3/2012,NO,6562.5
RC62_2012_468,TOLIMA,SALDANA,LAGUNAS,RIEGO,12/31/2011,YES,5/5/2012,NO,6875
RC62_2012_471,TOLIMA,SALDANA,LAGUNAS,RIEGO,1/5/2012,YES,5/10/2012,NO,6287
RC62_2012_475,TOLIMA,SALDANA,LAGUNAS,RIEGO,1/25/2012,YES,5/30/2012,NO,6875
RC62_2012_478,TOLIMA,SALDANA,LAGUNAS,RIEGO,2/2/2012,YES,6/7/2012,NO,6875
RC62_2012_479,TOLIMA,SALDANA,LAGUNAS,RIEGO,2/3/2012,YES,6/8/2012,NO,6250
RC62_2012_480,TOLIMA,SALDANA,LAGUNAS,RIEGO,2/7/2012,YES,6/12/2012,NO,6229
RC62_2012_485,TOLIMA,SALDANA,LAGUNAS,RIEGO,2/10/2012,YES,6/15/2012,NO,6562.5
RC62_2012_484,TOLIMA,SALDANA,LAGUNAS,RIEGO,2/10/2012,YES,6/15/2012,NO,5169
RC62_2012_489,TOLIMA,SALDANA,LAGUNAS,RIEGO,2/17/2012,YES,6/22/2012,NO,6148
RC62_2012_490,TOLIMA,SALDANA,LAGUNAS,RIEGO,2/17/2012,YES,6/22/2012,NO,6562
RC62_2012_491,TOLIMA,SALDANA,LAGUNAS,RIEGO,2/18/2012,YES,6/23/2012,NO,5312.5
RC62_2012_496,TOLIMA,SALDANA,LAGUNAS,RIEGO,2/29/2012,YES,7/4/2012,NO,6981
RC62_2012_497,TOLIMA,SALDANA,LAGUNAS,RIEGO,3/2/2012,YES,7/6/2012,NO,5750
RC62_2012_501,TOLIMA,SALDANA,LAGUNAS,RIEGO,3/22/2012,YES,7/26/2012,NO,6250
RC62_2012_504,TOLIMA,SALDANA,LAGUNAS,RIEGO,3/27/2012,YES,7/31/2012,NO,6562.5
RC62_2012_506,TOLIMA,SALDANA,LAGUNAS,RIEGO,3/28/2012,YES,8/1/2012,NO,6875
RC62_2012_508,TOLIMA,SALDANA,LAGUNAS,RIEGO,4/2/2012,YES,8/6/2012,NO,5000
RC62_2012_509,TOLIMA,SALDANA,LAGUNAS,RIEGO,4/5/2012,YES,8/9/2012,NO,5625
RC62_2012_518,TOLIMA,SALDANA,LAGUNAS,RIEGO,5/3/2012,YES,9/6/2012,NO,6875
RC62_2012_520,TOLIMA,SALDANA,LAGUNAS,RIEGO,5/7/2012,YES,9/10/2012,NO,6250
RC62_2012_526,TOLIMA,SALDANA,LAGUNAS,RIEGO,5/22/2012,YES,9/25/2012,NO,5625
RC62_2012_530,TOLIMA,SALDANA,LAGUNAS,RIEGO,6/1/2012,YES,10/5/2012,NO,5515
RC62_2012_533,TOLIMA,SALDANA,LAGUNAS,RIEGO,6/6/2012,YES,10/10/2012,NO,5250
RC62_2012_534,TOLIMA,SALDANA,LAGUNAS,RIEGO,7/2/2012,YES,11/5/2012,NO,5000
RC62_2012_536,TOLIMA,SALDANA,LAGUNAS,RIEGO,7/10/2012,YES,11/13/2012,NO,6562
RC62_2012_537,TOLIMA,SALDANA,LAGUNAS,RIEGO,7/10/2012,YES,11/13/2012,NO,6125
RC62_2012_540,TOLIMA,SALDANA,LAGUNAS,RIEGO,7/12/2012,YES,11/15/2012,NO,6250
RC62_2010_11,TOLIMA,SALDANA,MOCARI,RIEGO,8/31/2009,YES,1/4/2010,NO,6250
RC62_2010_39,TOLIMA,SALDANA,MOCARI,RIEGO,10/9/2009,YES,2/12/2010,NO,4125
RC62_2010_46,TOLIMA,SALDANA,MOCARI,RIEGO,10/14/2009,YES,2/17/2010,NO,6750
RC62_2010_48,TOLIMA,SALDANA,MOCARI,RIEGO,10/15/2009,YES,2/18/2010,NO,7375
RC62_2010_63,TOLIMA,SALDANA,MOCARI,RIEGO,11/9/2009,YES,3/15/2010,NO,7625
RC62_2010_129,TOLIMA,SALDANA,MOCARI,RIEGO,3/6/2010,YES,7/10/2010,NO,7812
RC62_2010_136,TOLIMA,SALDANA,MOCARI,RIEGO,3/13/2010,YES,7/17/2010,NO,8250
RC62_2010_151,TOLIMA,SALDANA,MOCARI,RIEGO,3/21/2010,YES,7/25/2010,NO,6875
RC62_2010_170,TOLIMA,SALDANA,MOCARI,RIEGO,4/14/2010,YES,8/18/2010,NO,5875
RC62_2011_221,TOLIMA,SALDANA,MOCARI,RIEGO,9/19/2010,YES,1/23/2011,NO,5550
RC62_2012_462,TOLIMA,SALDANA,MOCARI,RIEGO,12/6/2011,YES,4/10/2012,NO,7187.5
RC62_2010_14,TOLIMA,SALDANA,ONLY RICE 228,RIEGO,9/1/2009,YES,1/5/2010,NO,5843
RC62_2010_29,TOLIMA,SALDANA,ONLY RICE 228,RIEGO,9/21/2009,YES,1/25/2010,NO,5625
RC62_2010_44,TOLIMA,SALDANA,ONLY RICE 228,RIEGO,10/13/2009,YES,2/16/2010,NO,6562
RC62_2010_45,TOLIMA,SALDANA,ONLY RICE 228,RIEGO,10/14/2009,YES,2/17/2010,NO,5375
RC62_2010_52,TOLIMA,SALDANA,ONLY RICE 228,RIEGO,10/17/2009,YES,2/20/2010,NO,5625
RC62_2010_54,TOLIMA,SALDANA,ONLY RICE 228,RIEGO,10/19/2009,YES,2/22/2010,NO,4062
RC62_2010_57,TOLIMA,SALDANA,ONLY RICE 228,RIEGO,10/22/2009,YES,2/25/2010,NO,5687
RC62_2010_61,TOLIMA,SALDANA,ONLY RICE 228,RIEGO,10/24/2009,YES,2/27/2010,NO,4750
RC62_2010_68,TOLIMA,SALDANA,ONLY RICE 228,RIEGO,12/3/2009,YES,4/8/2010,NO,4375
RC62_2010_70,TOLIMA,SALDANA,ONLY RICE 228,RIEGO,12/7/2009,YES,4/12/2010,NO,3437
RC62_2010_72,TOLIMA,SALDANA,ONLY RICE 228,RIEGO,12/11/2009,YES,4/16/2010,NO,3875
RC62_2010_79,TOLIMA,SALDANA,ONLY RICE 228,RIEGO,1/4/2010,YES,5/10/2010,NO,5000
RC62_2010_80,TOLIMA,SALDANA,ONLY RICE 228,RIEGO,1/7/2010,YES,5/13/2010,NO,5625
RC62_2010_87,TOLIMA,SALDANA,ONLY RICE 228,RIEGO,1/9/2010,YES,5/15/2010,NO,4562.5
RC62_2010_89,TOLIMA,SALDANA,ONLY RICE 228,RIEGO,1/15/2010,YES,5/21/2010,NO,3925
RC62_2010_95,TOLIMA,SALDANA,ONLY RICE 228,RIEGO,1/19/2010,YES,5/25/2010,NO,6500
RC62_2010_114,TOLIMA,SALDANA,ONLY RICE 228,RIEGO,2/3/2010,YES,6/9/2010,NO,7500
RC62_2010_116,TOLIMA,SALDANA,ONLY RICE 228,RIEGO,2/4/2010,YES,6/10/2010,NO,4375
RC62_2010_124,TOLIMA,SALDANA,ONLY RICE 228,RIEGO,2/9/2010,YES,6/15/2010,NO,4375
RC62_2010_139,TOLIMA,SALDANA,ONLY RICE 228,RIEGO,3/14/2010,YES,7/18/2010,NO,4187
RC62_2010_145,TOLIMA,SALDANA,ONLY RICE 228,RIEGO,3/18/2010,YES,7/22/2010,NO,5625
RC62_2012_356,TOLIMA,SALDANA,ONLY RICE 228,RIEGO,9/6/2011,YES,1/10/2012,NO,5062.5
RC62_2012_505,TOLIMA,SALDANA,ORYZICA 1,RIEGO,3/28/2012,YES,8/1/2012,NO,7125
RC62_2012_507,TOLIMA,SALDANA,ORYZICA 1,RIEGO,3/29/2012,YES,8/2/2012,NO,6428
RC62_2010_21,TOLIMA,SALDANA,PANORAMA ,RIEGO,9/10/2009,YES,1/14/2010,NO,3000
RC62_2010_210,TOLIMA,SALDANA,PANORAMA ,RIEGO,8/18/2010,YES,12/22/2010,NO,6305
RC62_2010_212,TOLIMA,SALDANA,PANORAMA ,RIEGO,8/24/2010,YES,12/28/2010,NO,10125
RC62_2011_256,TOLIMA,SALDANA,PANORAMA ,RIEGO,1/27/2011,YES,6/2/2011,NO,6250
RC62_2011_260,TOLIMA,SALDANA,PANORAMA ,RIEGO,2/21/2011,YES,6/27/2011,NO,6250
RC62_2012_519,TOLIMA,SALDANA,PANORAMA ,RIEGO,5/5/2012,YES,9/8/2012,NO,6218
RC62_2012_522,TOLIMA,SALDANA,PANORAMA ,RIEGO,5/9/2012,YES,9/12/2012,NO,6250
RC62_2010_34,TOLIMA,SALDANA,SAN JUAN,RIEGO,10/1/2009,YES,2/4/2010,NO,5000
RC62_2010_35,TOLIMA,SALDANA,SAN JUAN,RIEGO,10/1/2009,YES,2/4/2010,NO,6250
RC62_2010_181,TOLIMA,SALDANA,SAN JUAN,RIEGO,4/27/2010,YES,8/31/2010,NO,6562
RC62_2010_182,TOLIMA,SALDANA,SAN JUAN,RIEGO,4/27/2010,YES,8/31/2010,NO,6125
RC62_2010_196,TOLIMA,SALDANA,SAN JUAN,RIEGO,6/21/2010,YES,10/25/2010,NO,8250
RC62_2010_208,TOLIMA,SALDANA,VENEZUELA 21,RIEGO,8/8/2010,YES,12/12/2010,NO,8563
RC62_2011_257,TOLIMA,SALDANA,YAGUARA,RIEGO,1/28/2011,YES,6/3/2011,NO,6562.5
RC62_2012_539,TOLIMA,SALDANA,YUMA,RIEGO,7/12/2012,YES,11/15/2012,NO,4375
RC1_2009_231,TOLIMA,SALDANA,CIMARRON BARINAS,RIEGO,4/4/2009,YES,8/8/2009,NO,6562
RC1_2009_247,TOLIMA,SALDANA,CIMARRON BARINAS,RIEGO,5/7/2009,YES,9/10/2009,NO,6214
RC1_2009_245,TOLIMA,SALDANA,CIMARRON BARINAS,RIEGO,5/2/2009,YES,9/5/2009,NO,6260
RC1_2009_237,TOLIMA,SALDANA,CIMARRON BARINAS,RIEGO,4/10/2009,YES,8/14/2009,NO,6875
RC1_2008_45,TOLIMA,SALDANA,CIMARRON BARINAS,RIEGO,3/28/2008,YES,8/1/2008,NO,7500
RC1_2008_65,TOLIMA,SALDANA,CIMARRON BARINAS,RIEGO,5/2/2008,YES,9/5/2008,NO,8437
RC1_2008_36,TOLIMA,SALDANA,CIMARRON BARINAS,RIEGO,3/1/2008,YES,7/5/2008,NO,9060
RC1_2008_58,TOLIMA,SALDANA,CIMARRON BARINAS,RIEGO,4/21/2008,YES,8/25/2008,NO,8333
RC1_2008_37,TOLIMA,SALDANA,CIMARRON BARINAS,RIEGO,3/1/2008,YES,7/5/2008,NO,8477
RC1_2009_253,TOLIMA,SALDANA,CIMARRON BARINAS,RIEGO,5/29/2009,YES,10/2/2009,NO,6875
RC1_2008_53,TOLIMA,SALDANA,CIMARRON BARINAS,RIEGO,4/14/2008,YES,8/18/2008,NO,8125
RC1_2008_61,TOLIMA,SALDANA,CIMARRON BARINAS,RIEGO,4/28/2008,YES,9/1/2008,NO,6900
RC1_2009_256,TOLIMA,SALDANA,CIMARRON BARINAS,RIEGO,6/22/2009,YES,10/26/2009,NO,4687.5
RC1_2008_54,TOLIMA,SALDANA,CIMARRON BARINAS,RIEGO,4/15/2008,YES,8/19/2008,NO,8375
RC1_2009_250,TOLIMA,SALDANA,CIMARRON BARINAS,RIEGO,5/22/2009,YES,9/25/2009,NO,8190
RC1_2009_223,TOLIMA,SALDANA,CIMARRON BARINAS,RIEGO,1/16/2009,YES,5/22/2009,NO,7375
RC1_2008_57,TOLIMA,SALDANA,CIMARRON BARINAS,RIEGO,4/18/2008,YES,8/22/2008,NO,8750
RC1_2009_252,TOLIMA,SALDANA,CIMARRON BARINAS,RIEGO,5/27/2009,YES,9/30/2009,NO,5547
RC1_2009_260,TOLIMA,SALDANA,CIMARRON BARINAS,RIEGO,7/9/2009,YES,11/12/2009,NO,4375
RC1_2008_43,TOLIMA,SALDANA,CIMARRON BARINAS,RIEGO,3/23/2008,YES,7/27/2008,NO,8125
RC1_2009_234,TOLIMA,SALDANA,CIMARRON BARINAS,RIEGO,4/6/2009,YES,8/10/2009,NO,8750
RC1_2009_242,TOLIMA,SALDANA,CIMARRON BARINAS,RIEGO,4/23/2009,YES,8/27/2009,NO,7562
RC1_2009_236,TOLIMA,SALDANA,CIMARRON BARINAS,RIEGO,4/8/2009,YES,8/12/2009,NO,6875
RC1_2009_226,TOLIMA,SALDANA,CIMARRON BARINAS,RIEGO,3/2/2009,YES,7/6/2009,NO,6100
RC1_2009_243,TOLIMA,SALDANA,CIMARRON BARINAS,RIEGO,4/28/2009,YES,9/1/2009,NO,8125
RC1_2008_47,TOLIMA,SALDANA,CIMARRON BARINAS,RIEGO,4/4/2008,YES,8/8/2008,NO,8750
RC1_2008_59,TOLIMA,SALDANA,CIMARRON BARINAS,RIEGO,4/21/2008,YES,8/25/2008,NO,8750
RC1_2009_249,TOLIMA,SALDANA,CIMARRON BARINAS,RIEGO,5/19/2009,YES,9/22/2009,NO,6000
RC1_2009_222,TOLIMA,SALDANA,CIMARRON BARINAS,RIEGO,1/6/2009,YES,5/12/2009,NO,9437
RC1_2008_68,TOLIMA,SALDANA,CIMARRON BARINAS,RIEGO,5/28/2008,YES,10/1/2008,NO,8250
RC1_2010_538,TOLIMA,SALDANA,COLOMBIA XXI,RIEGO,5/12/2010,YES,9/15/2010,NO,6875
RC1_2012_819,TOLIMA,SALDANA,COLOMBIA XXI,RIEGO,2/24/2012,YES,6/29/2012,NO,7000
RC1_2011_699,TOLIMA,SALDANA,COLOMBIA XXI,RIEGO,7/22/2011,YES,11/25/2011,NO,7500
RC1_2009_233,TOLIMA,SALDANA,COLOMBIA XXI,RIEGO,4/6/2009,YES,8/10/2009,NO,7500
RC1_2009_232,TOLIMA,SALDANA,COLOMBIA XXI,RIEGO,4/6/2009,YES,8/10/2009,NO,6875
RC1_2010_555,TOLIMA,SALDANA,COLOMBIA XXI,RIEGO,7/20/2010,YES,11/23/2010,NO,6250
RC1_2010_554,TOLIMA,SALDANA,COLOMBIA XXI,RIEGO,7/19/2010,YES,11/22/2010,NO,8500
RC1_2009_229,TOLIMA,SALDANA,COLOMBIA XXI,RIEGO,3/27/2009,YES,7/31/2009,NO,5812
RC1_2009_230,TOLIMA,SALDANA,COLOMBIA XXI,RIEGO,4/1/2009,YES,8/5/2009,NO,5375
RC1_2008_32,TOLIMA,SALDANA,COPROSEM 304,RIEGO,2/20/2008,YES,6/25/2008,NO,6800
RC1_2009_241,TOLIMA,SALDANA,COPROSEM 304,RIEGO,4/23/2009,YES,8/27/2009,NO,5937
RC1_2008_51,TOLIMA,SALDANA,COPROSEM 304,RIEGO,4/11/2008,YES,8/15/2008,NO,7937
RC1_2008_31,TOLIMA,SALDANA,COPROSEM 304,RIEGO,2/15/2008,YES,6/20/2008,NO,10000
RC1_2008_35,TOLIMA,SALDANA,COPROSEM 304,RIEGO,2/23/2008,YES,6/28/2008,NO,6300
RC1_2009_244,TOLIMA,SALDANA,COPROSEM 304,RIEGO,4/30/2009,YES,9/3/2009,NO,8187
RC1_2008_67,TOLIMA,SALDANA,COPROSEM 304,RIEGO,5/22/2008,YES,9/25/2008,NO,7500
RC1_2009_246,TOLIMA,SALDANA,F2000,RIEGO,5/2/2009,YES,9/5/2009,NO,7000
RC1_2008_52,TOLIMA,SALDANA,F2000,RIEGO,4/11/2008,YES,8/15/2008,NO,7000
RC1_2008_62,TOLIMA,SALDANA,F275,RIEGO,5/2/2008,YES,9/5/2008,NO,7000
RC1_2008_50,TOLIMA,SALDANA,F275,RIEGO,4/11/2008,YES,8/15/2008,NO,8500
RC1_2009_227,TOLIMA,SALDANA,F275,RIEGO,3/5/2009,YES,7/9/2009,NO,6250
RC1_2010_540,TOLIMA,SALDANA,F275,RIEGO,5/15/2010,YES,9/18/2010,NO,7312
RC1_2008_64,TOLIMA,SALDANA,F275,RIEGO,5/2/2008,YES,9/5/2008,NO,9062
RC1_2008_40,TOLIMA,SALDANA,F275,RIEGO,3/11/2008,YES,7/15/2008,NO,8375
RC1_2009_238,TOLIMA,SALDANA,F275,RIEGO,4/11/2009,YES,8/15/2009,NO,7250
RC1_2009_240,TOLIMA,SALDANA,F275,RIEGO,4/17/2009,YES,8/21/2009,NO,7812
RC1_2009_257,TOLIMA,SALDANA,F275,RIEGO,6/27/2009,YES,10/31/2009,NO,5250
RC1_2008_56,TOLIMA,SALDANA,F275,RIEGO,4/16/2008,YES,8/20/2008,NO,8220
RC1_2008_39,TOLIMA,SALDANA,F275,RIEGO,3/6/2008,YES,7/10/2008,NO,8437
RC1_2008_69,TOLIMA,SALDANA,F369 + F473,RIEGO,6/1/2008,YES,10/5/2008,NO,6875
RC1_2009_259,TOLIMA,SALDANA,F473,RIEGO,7/1/2009,YES,11/4/2009,NO,9000
RC1_2009_235,TOLIMA,SALDANA,F473,RIEGO,4/8/2009,YES,8/12/2009,NO,7250
RC1_2009_225,TOLIMA,SALDANA,F50,RIEGO,2/11/2009,YES,6/17/2009,NO,7812
RC1_2008_29,TOLIMA,SALDANA,F50,RIEGO,1/10/2008,YES,5/15/2008,NO,6750
RC1_2008_60,TOLIMA,SALDANA,F50,RIEGO,4/22/2008,YES,8/26/2008,NO,9375
RC1_2008_49,TOLIMA,SALDANA,F60,RIEGO,4/11/2008,YES,8/15/2008,NO,9207
RC1_2009_228,TOLIMA,SALDANA,F60,RIEGO,3/18/2009,YES,7/22/2009,NO,7375
RC1_2008_63,TOLIMA,SALDANA,F60,RIEGO,5/2/2008,YES,9/5/2008,NO,8437
RC1_2009_261,TOLIMA,SALDANA,F60,RIEGO,7/17/2009,YES,11/20/2009,NO,6250
RC1_2009_224,TOLIMA,SALDANA,F60,RIEGO,2/4/2009,YES,6/10/2009,NO,7200
RC1_2010_542,TOLIMA,SALDANA,F60,RIEGO,5/25/2010,YES,9/28/2010,NO,8125
RC1_2008_66,TOLIMA,SALDANA,F60,RIEGO,5/7/2008,YES,9/10/2008,NO,8125
RC1_2008_55,TOLIMA,SALDANA,F60,RIEGO,4/15/2008,YES,8/19/2008,NO,6500
RC1_2008_70,TOLIMA,SALDANA,F60,RIEGO,6/11/2008,YES,10/15/2008,NO,8125
RC1_2008_34,TOLIMA,SALDANA,F60,RIEGO,2/20/2008,YES,6/25/2008,NO,7312
RC1_2008_42,TOLIMA,SALDANA,F60,RIEGO,3/21/2008,YES,7/25/2008,NO,7630
RC1_2008_46,TOLIMA,SALDANA,F60,RIEGO,4/3/2008,YES,8/7/2008,NO,9083
RC1_2011_691,TOLIMA,SALDANA,F60,RIEGO,7/4/2011,YES,11/7/2011,NO,6875
RC1_2010_537,TOLIMA,SALDANA,F60,RIEGO,5/6/2010,YES,9/9/2010,NO,7500
RC1_2011_687,TOLIMA,SALDANA,F733,RIEGO,6/6/2011,YES,10/10/2011,NO,5625
RC1_2011_696,TOLIMA,SALDANA,F733,RIEGO,7/20/2011,YES,11/23/2011,NO,6400
RC1_2011_695,TOLIMA,SALDANA,F733,RIEGO,7/15/2011,YES,11/18/2011,NO,7375
RC1_2011_686,TOLIMA,SALDANA,F733,RIEGO,6/6/2011,YES,10/10/2011,NO,6875
RC1_2012_820,TOLIMA,SALDANA,F733,RIEGO,2/24/2012,YES,6/29/2012,NO,6875
RC1_2012_818,TOLIMA,SALDANA,F733,RIEGO,2/24/2012,YES,6/29/2012,NO,7062.5
RC1_2011_685,TOLIMA,SALDANA,F733,RIEGO,6/1/2011,YES,10/5/2011,NO,6250
RC1_2011_693,TOLIMA,SALDANA,F733,RIEGO,7/8/2011,YES,11/11/2011,NO,6562
RC1_2012_823,TOLIMA,SALDANA,F733,RIEGO,3/5/2012,YES,7/9/2012,NO,6875
RC1_2011_683,TOLIMA,SALDANA,F733,RIEGO,5/30/2011,YES,10/3/2011,NO,8500
RC1_2011_688,TOLIMA,SALDANA,F733,RIEGO,6/21/2011,YES,10/25/2011,NO,6218
RC1_2011_690,TOLIMA,SALDANA,F733,RIEGO,7/1/2011,YES,11/4/2011,NO,6300
RC1_2011_689,TOLIMA,SALDANA,F733,RIEGO,7/1/2011,YES,11/4/2011,NO,6250
RC1_2011_701,TOLIMA,SALDANA,F733,RIEGO,7/23/2011,YES,11/26/2011,NO,7717
RC1_2011_698,TOLIMA,SALDANA,F733,RIEGO,7/22/2011,YES,11/25/2011,NO,7631
RC1_2011_697,TOLIMA,SALDANA,F733,RIEGO,7/22/2011,YES,11/25/2011,NO,7916
RC1_2010_533,TOLIMA,SALDANA,F733,RIEGO,4/22/2010,YES,8/26/2010,NO,7187.5
RC1_2011_684,TOLIMA,SALDANA,F733,RIEGO,5/31/2011,YES,10/4/2011,NO,8083
RC1_2010_456,TOLIMA,SALDANA,F733,RIEGO,1/9/2010,YES,5/15/2010,NO,6200
RC1_2010_457,TOLIMA,SALDANA,F733,RIEGO,2/24/2010,YES,6/30/2010,NO,6500
RC1_2008_71,TOLIMA,SALDANA,F733,RIEGO,6/21/2008,YES,10/25/2008,NO,8520
RC1_2010_551,TOLIMA,SALDANA,F733,RIEGO,7/7/2010,YES,11/10/2010,NO,7125
RC1_2008_30,TOLIMA,SALDANA,FORTALEZA,RIEGO,2/10/2008,YES,6/15/2008,NO,6875
RC1_2008_33,TOLIMA,SALDANA,FORTALEZA,RIEGO,2/20/2008,YES,6/25/2008,NO,7875
RC1_2008_38,TOLIMA,SALDANA,FORTALEZA,RIEGO,3/6/2008,YES,7/10/2008,NO,7625
RC1_2008_48,TOLIMA,SALDANA,Fortaleza + Pastrana,RIEGO,4/6/2008,YES,8/10/2008,NO,9200
RC1_2011_636,TOLIMA,SALDANA,LAGUNAS,RIEGO,1/15/2011,YES,5/21/2011,NO,7062.5
RC1_2011_645,TOLIMA,SALDANA,LAGUNAS,RIEGO,1/30/2011,YES,6/5/2011,NO,6250
RC1_2008_44,TOLIMA,SALDANA,LAGUNAS,RIEGO,3/24/2008,YES,7/28/2008,NO,6750
RC1_2011_643,TOLIMA,SALDANA,LAGUNAS,RIEGO,1/27/2011,YES,6/2/2011,NO,5937.5
RC1_2011_648,TOLIMA,SALDANA,LAGUNAS,RIEGO,2/1/2011,YES,6/7/2011,NO,5750
RC1_2011_640,TOLIMA,SALDANA,LAGUNAS,RIEGO,1/21/2011,YES,5/27/2011,NO,6250
RC1_2012_798,TOLIMA,SALDANA,LAGUNAS,RIEGO,12/23/2011,YES,4/27/2012,NO,5625
RC1_2011_647,TOLIMA,SALDANA,LAGUNAS,RIEGO,2/1/2011,YES,6/7/2011,NO,4687.5
RC1_2012_815,TOLIMA,SALDANA,LAGUNAS,RIEGO,2/17/2012,YES,6/22/2012,NO,6148
RC1_2012_821,TOLIMA,SALDANA,LAGUNAS,RIEGO,2/29/2012,YES,7/4/2012,NO,6981
RC1_2012_822,TOLIMA,SALDANA,LAGUNAS,RIEGO,3/2/2012,YES,7/6/2012,NO,5750
RC1_2012_816,TOLIMA,SALDANA,LAGUNAS,RIEGO,2/17/2012,YES,6/22/2012,NO,6562
RC1_2011_649,TOLIMA,SALDANA,LAGUNAS,RIEGO,2/3/2011,YES,6/9/2011,NO,6500
RC1_2011_641,TOLIMA,SALDANA,LAGUNAS,RIEGO,1/22/2011,YES,5/28/2011,NO,6750
RC1_2008_41,TOLIMA,SALDANA,LAGUNAS,RIEGO,3/21/2008,YES,7/25/2008,NO,5375
RC1_2011_646,TOLIMA,SALDANA,LAGUNAS,RIEGO,1/31/2011,YES,6/6/2011,NO,6875
RC1_2011_644,TOLIMA,SALDANA,LAGUNAS,RIEGO,1/27/2011,YES,6/2/2011,NO,5750
RC1_2011_694,TOLIMA,SALDANA,LAGUNAS,RIEGO,7/11/2011,YES,11/14/2011,NO,7375
RC1_2011_700,TOLIMA,SALDANA,LAGUNAS,RIEGO,7/22/2011,YES,11/25/2011,NO,6125
RC1_2012_817,TOLIMA,SALDANA,LAGUNAS,RIEGO,2/18/2012,YES,6/23/2012,NO,5312.5
RC1_2012_827,TOLIMA,SALDANA,LAGUNAS,RIEGO,3/28/2012,YES,8/1/2012,NO,6875
RC1_2011_651,TOLIMA,SALDANA,LAGUNAS,RIEGO,2/4/2011,YES,6/10/2011,NO,8000
RC1_2011_642,TOLIMA,SALDANA,LAGUNAS,RIEGO,1/23/2011,YES,5/29/2011,NO,5625
RC1_2011_650,TOLIMA,SALDANA,LAGUNAS,RIEGO,2/3/2011,YES,6/9/2011,NO,8250
RC1_2011_638,TOLIMA,SALDANA,LAGUNAS,RIEGO,1/20/2011,YES,5/26/2011,NO,6875
RC1_2012_825,TOLIMA,SALDANA,LAGUNAS,RIEGO,3/27/2012,YES,7/31/2012,NO,6562.5
RC1_2012_824,TOLIMA,SALDANA,LAGUNAS,RIEGO,3/22/2012,YES,7/26/2012,NO,6250
RC1_2012_829,TOLIMA,SALDANA,LAGUNAS,RIEGO,4/2/2012,YES,8/6/2012,NO,5000
RC1_2011_692,TOLIMA,SALDANA,LAGUNAS,RIEGO,7/7/2011,YES,11/10/2011,NO,5625
RC1_2012_830,TOLIMA,SALDANA,LAGUNAS,RIEGO,4/5/2012,YES,8/9/2012,NO,5625
RC1_2011_637,TOLIMA,SALDANA,LAGUNAS,RIEGO,1/18/2011,YES,5/24/2011,NO,6875
RC1_2008_28,TOLIMA,SALDANA,LAGUNAS,RIEGO,9/29/2007,YES,2/2/2008,NO,7125
RC1_2011_679,TOLIMA,SALDANA,MOCARI,RIEGO,2/26/2011,YES,7/2/2011,NO,5562
RC1_2011_682,TOLIMA,SALDANA,MOCARI,RIEGO,3/14/2011,YES,7/18/2011,NO,4815
RC1_2011_681,TOLIMA,SALDANA,MOCARI,RIEGO,3/5/2011,YES,7/9/2011,NO,4300
RC1_2011_680,TOLIMA,SALDANA,MOCARI,RIEGO,2/28/2011,YES,7/4/2011,NO,5125
RC1_2009_239,TOLIMA,SALDANA,ONLY RICE 228,RIEGO,4/14/2009,YES,8/18/2009,NO,6875
RC1_2009_248,TOLIMA,SALDANA,ONLY RICE 228,RIEGO,5/12/2009,YES,9/15/2009,NO,7500
RC1_2009_251,TOLIMA,SALDANA,ONLY RICE 228,RIEGO,5/25/2009,YES,9/28/2009,NO,6250
RC1_2009_255,TOLIMA,SALDANA,ONLY RICE 228,RIEGO,6/18/2009,YES,10/22/2009,NO,7437
RC1_2009_254,TOLIMA,SALDANA,ONLY RICE 228,RIEGO,6/1/2009,YES,10/5/2009,NO,7187
RC1_2010_539,TOLIMA,SALDANA,ONLY RICE 228,RIEGO,5/12/2010,YES,9/15/2010,NO,6923
RC1_2010_455,TOLIMA,SALDANA,ONLY RICE 228,RIEGO,12/19/2009,YES,4/24/2010,NO,5600
RC1_2012_826,TOLIMA,SALDANA,ORYZICA 1,RIEGO,3/28/2012,YES,8/1/2012,NO,7125
RC1_2012_828,TOLIMA,SALDANA,ORYZICA 1,RIEGO,3/29/2012,YES,8/2/2012,NO,6428
RC1_2009_258,TOLIMA,SALDANA,PANORAMA ,RIEGO,6/30/2009,YES,11/3/2009,NO,5625
RC1_2010_541,TOLIMA,SALDANA,PANORAMA ,RIEGO,5/17/2010,YES,9/20/2010,NO,7500
RC27_2013_372,TOLIMA,PURIFICACION,CIMARRON BARINAS,RIEGO,4/23/2013,YES,8/27/2013,NO,6563
RC27_2013_371,TOLIMA,PURIFICACION,CIMARRON BARINAS,RIEGO,4/23/2013,YES,8/27/2013,NO,6250
RC27_2013_344,TOLIMA,PURIFICACION,F2000,RIEGO,4/12/2013,YES,8/16/2013,NO,6438
RC27_2013_320,TOLIMA,PURIFICACION,F473,RIEGO,3/6/2013,YES,7/10/2013,NO,5688
RC27_2013_332,TOLIMA,PURIFICACION,F473,RIEGO,3/23/2013,YES,7/27/2013,NO,6250
RC27_2013_333,TOLIMA,PURIFICACION,F473,RIEGO,3/23/2013,YES,7/27/2013,NO,6250
RC27_2013_334,TOLIMA,PURIFICACION,F473,RIEGO,3/23/2013,YES,7/27/2013,NO,6250
RC27_2013_335,TOLIMA,PURIFICACION,F473,RIEGO,3/25/2013,YES,7/29/2013,NO,5250
RC27_2013_336,TOLIMA,PURIFICACION,F473,RIEGO,3/29/2013,YES,8/2/2013,NO,6500
RC27_2013_368,TOLIMA,PURIFICACION,F473,RIEGO,4/23/2013,YES,8/27/2013,NO,10375
RC27_2013_369,TOLIMA,PURIFICACION,F473,RIEGO,4/23/2013,YES,8/27/2013,NO,10375
RC27_2013_380,TOLIMA,PURIFICACION,F473,RIEGO,4/23/2013,YES,8/27/2013,NO,6250
RC27_2013_376,TOLIMA,PURIFICACION,F473,RIEGO,4/23/2013,YES,8/27/2013,NO,6250
RC27_2013_375,TOLIMA,PURIFICACION,F473,RIEGO,4/23/2013,YES,8/27/2013,NO,6875
RC27_2013_384,TOLIMA,PURIFICACION,F473,RIEGO,4/24/2013,YES,8/28/2013,NO,6250
RC27_2013_395,TOLIMA,PURIFICACION,F473,RIEGO,4/26/2013,YES,8/30/2013,NO,6250
RC27_2013_398,TOLIMA,PURIFICACION,F473,RIEGO,4/26/2013,YES,8/30/2013,NO,6250
RC27_2013_307,TOLIMA,PURIFICACION,F473,RIEGO,8/20/2013,YES,12/24/2013,NO,6750
RC27_2013_355,TOLIMA,PURIFICACION,F60,RIEGO,4/21/2013,YES,8/25/2013,NO,8188
RC27_2013_315,TOLIMA,PURIFICACION,F733,RIEGO,12/10/2012,YES,4/15/2013,NO,6875
RC27_2013_343,TOLIMA,PURIFICACION,F733,RIEGO,4/11/2013,YES,8/15/2013,NO,6938
RC27_2013_350,TOLIMA,PURIFICACION,F733,RIEGO,4/17/2013,YES,8/21/2013,NO,6250
RC27_2013_354,TOLIMA,PURIFICACION,F733,RIEGO,4/20/2013,YES,8/24/2013,NO,6438
RC27_2013_394,TOLIMA,PURIFICACION,F733,RIEGO,4/26/2013,YES,8/30/2013,NO,5625
RC27_2013_415,TOLIMA,PURIFICACION,F733,RIEGO,5/18/2013,YES,9/21/2013,NO,7563
RC27_2013_287,TOLIMA,PURIFICACION,F733,RIEGO,7/9/2013,YES,11/12/2013,NO,5625
RC27_2013_302,TOLIMA,PURIFICACION,F733,RIEGO,7/12/2013,YES,11/15/2013,NO,7596
RC27_2013_303,TOLIMA,PURIFICACION,F733,RIEGO,7/17/2013,YES,11/20/2013,NO,4687
RC27_2013_288,TOLIMA,PURIFICACION,F733,RIEGO,7/29/2013,YES,12/2/2013,NO,5000
RC27_2013_301,TOLIMA,PURIFICACION,F733,RIEGO,8/26/2013,YES,12/30/2013,NO,6250
RC27_2013_318,TOLIMA,PURIFICACION,LAGUNAS,RIEGO,3/1/2013,YES,7/5/2013,NO,5313
RC27_2013_326,TOLIMA,PURIFICACION,LAGUNAS,RIEGO,3/16/2013,YES,7/20/2013,NO,7125
RC27_2013_329,TOLIMA,PURIFICACION,LAGUNAS,RIEGO,3/20/2013,YES,7/24/2013,NO,7938
RC27_2013_349,TOLIMA,PURIFICACION,LAGUNAS,RIEGO,4/17/2013,YES,8/21/2013,NO,4063
RC27_2013_396,TOLIMA,PURIFICACION,LAGUNAS,RIEGO,4/26/2013,YES,8/30/2013,NO,5000
RC27_2013_327,TOLIMA,PURIFICACION,ONLY RICE 228,RIEGO,3/19/2013,YES,7/23/2013,NO,5000
RC27_2013_321,TOLIMA,PURIFICACION,ORYZICA 1,RIEGO,3/6/2013,YES,7/10/2013,NO,7313
RC27_2013_393,TOLIMA,PURIFICACION,ORYZICA 1,RIEGO,4/24/2013,YES,8/28/2013,NO,7688
RC27_2013_374,TOLIMA,PURIFICACION,OTRAS,RIEGO,4/23/2013,YES,8/27/2013,NO,8875
RC27_2013_373,TOLIMA,PURIFICACION,OTRAS,RIEGO,4/23/2013,YES,8/27/2013,NO,8875
RC27_2013_365,TOLIMA,PURIFICACION,OTRAS,RIEGO,4/23/2013,YES,8/27/2013,NO,6500
RC27_2013_404,TOLIMA,PURIFICACION,OTRAS,RIEGO,5/2/2013,YES,9/5/2013,NO,5125
RC27_2013_366,TOLIMA,PURIFICACION,PANORAMA ,RIEGO,4/23/2013,YES,8/27/2013,NO,6250
RC27_2013_330,TOLIMA,PURIFICACION,TAILANDIA ORO,RIEGO,3/23/2013,YES,7/27/2013,NO,8750
RC27_2013_323,TOLIMA,PURIFICACION,TAILANDIA ORO,RIEGO,3/23/2013,YES,7/27/2013,NO,2500
RC27_2013_352,TOLIMA,PURIFICACION,TAILANDIA ORO,RIEGO,4/17/2013,YES,8/21/2013,NO,9063
RC27_2013_348,TOLIMA,PURIFICACION,TAILANDIA ORO,RIEGO,4/17/2013,YES,8/21/2013,NO,6250
RC27_2013_379,TOLIMA,PURIFICACION,TAILANDIA ORO,RIEGO,4/23/2013,YES,8/27/2013,NO,8750
RC27_2013_378,TOLIMA,PURIFICACION,TAILANDIA ORO,RIEGO,4/23/2013,YES,8/27/2013,NO,8750
RC27_2013_399,TOLIMA,PURIFICACION,TAILANDIA ORO,RIEGO,4/26/2013,YES,8/30/2013,NO,6813
RC27_2013_403,TOLIMA,PURIFICACION,TAILANDIA ORO,RIEGO,4/29/2013,YES,9/2/2013,NO,6250
RC27_2013_328,TOLIMA,PURIFICACION,VENEZUELA 21,RIEGO,3/20/2013,YES,7/24/2013,NO,6750
RC27_2013_397,TOLIMA,PURIFICACION,VENEZUELA 21,RIEGO,4/26/2013,YES,8/30/2013,NO,6000
RC27_2013_313,TOLIMA,PURIFICACION,YUMA,RIEGO,9/1/2012,YES,1/5/2013,NO,7500
RC27_2013_319,TOLIMA,PURIFICACION,YUMA,RIEGO,3/1/2013,YES,7/5/2013,NO,7125
RC27_2013_418,TOLIMA,SALDANA,CIMARRON BARINAS,RIEGO,5/20/2013,YES,9/23/2013,NO,7750
RC27_2013_316,TOLIMA,SALDANA,F473,RIEGO,12/10/2012,YES,4/15/2013,NO,6875
RC27_2013_402,TOLIMA,SALDANA,F473,RIEGO,3/28/2013,YES,8/1/2013,NO,7875
RC27_2013_337,TOLIMA,SALDANA,F473,RIEGO,4/1/2013,YES,8/5/2013,NO,6625
RC27_2013_338,TOLIMA,SALDANA,F473,RIEGO,4/4/2013,YES,8/8/2013,NO,7000
RC27_2013_340,TOLIMA,SALDANA,F473,RIEGO,4/6/2013,YES,8/10/2013,NO,5250
RC27_2013_353,TOLIMA,SALDANA,F473,RIEGO,4/19/2013,YES,8/23/2013,NO,8250
RC27_2013_405,TOLIMA,SALDANA,F473,RIEGO,5/7/2013,YES,9/10/2013,NO,6500
RC27_2013_408,TOLIMA,SALDANA,F473,RIEGO,5/11/2013,YES,9/14/2013,NO,4438
RC27_2013_293,TOLIMA,SALDANA,F473,RIEGO,6/6/2013,YES,10/10/2013,NO,4567
RC27_2013_306,TOLIMA,SALDANA,F473,RIEGO,7/15/2013,YES,11/18/2013,NO,6875
RC27_2013_298,TOLIMA,SALDANA,F473,RIEGO,8/12/2013,YES,12/16/2013,NO,4187
RC27_2013_413,TOLIMA,SALDANA,F60,RIEGO,5/17/2013,YES,9/20/2013,NO,6625
RC27_2013_414,TOLIMA,SALDANA,F60,RIEGO,5/17/2013,YES,9/20/2013,NO,6250
RC27_2013_421,TOLIMA,SALDANA,F60,RIEGO,5/21/2013,YES,9/24/2013,NO,7313
RC27_2013_294,TOLIMA,SALDANA,F60,RIEGO,7/10/2013,YES,11/13/2013,NO,5625
RC27_2013_409,TOLIMA,SALDANA,F733,RIEGO,5/13/2013,YES,9/16/2013,NO,7500
RC27_2013_411,TOLIMA,SALDANA,F733,RIEGO,5/17/2013,YES,9/20/2013,NO,6875
RC27_2013_416,TOLIMA,SALDANA,F733,RIEGO,5/19/2013,YES,9/22/2013,NO,6688
RC27_2013_417,TOLIMA,SALDANA,F733,RIEGO,5/20/2013,YES,9/23/2013,NO,6500
RC27_2013_419,TOLIMA,SALDANA,F733,RIEGO,5/21/2013,YES,9/24/2013,NO,5750
RC27_2013_297,TOLIMA,SALDANA,F733,RIEGO,6/14/2013,YES,10/18/2013,NO,5178
RC27_2013_289,TOLIMA,SALDANA,F733,RIEGO,8/5/2013,YES,12/9/2013,NO,5729
RC27_2013_407,TOLIMA,SALDANA,LAGUNAS,RIEGO,5/11/2013,YES,9/14/2013,NO,4750
RC27_2013_309,TOLIMA,SALDANA,LAGUNAS,RIEGO,6/8/2013,YES,10/12/2013,NO,6875
RC27_2013_295,TOLIMA,SALDANA,LAGUNAS,RIEGO,6/11/2013,YES,10/15/2013,NO,5937
RC27_2013_305,TOLIMA,SALDANA,LAGUNAS,RIEGO,7/2/2013,YES,11/5/2013,NO,6875
RC27_2013_290,TOLIMA,SALDANA,LAGUNAS,RIEGO,7/2/2013,YES,11/5/2013,NO,5000
RC27_2013_291,TOLIMA,SALDANA,LAGUNAS,RIEGO,7/2/2013,YES,11/5/2013,NO,6250
RC27_2013_310,TOLIMA,SALDANA,LAGUNAS,RIEGO,8/5/2013,YES,12/9/2013,NO,3437
RC27_2013_292,TOLIMA,SALDANA,LAGUNAS,RIEGO,8/19/2013,YES,12/23/2013,NO,6250
RC27_2013_339,TOLIMA,SALDANA,ORYZICA 1,RIEGO,4/6/2013,YES,8/10/2013,NO,5625
RC27_2013_412,TOLIMA,SALDANA,ORYZICA 1,RIEGO,5/17/2013,YES,9/20/2013,NO,5375
RC27_2013_322,TOLIMA,SALDANA,PANORAMA ,RIEGO,3/10/2013,YES,7/14/2013,NO,6500
RC27_2013_406,TOLIMA,SALDANA,TAILANDIA ORO,RIEGO,5/7/2013,YES,9/10/2013,NO,8000
RC27_2013_312,TOLIMA,SALDANA,VENEZUELA 21,RIEGO,7/3/2013,YES,11/6/2013,NO,6875
RC27_2013_308,TOLIMA,SALDANA,VENEZUELA 21,RIEGO,7/7/2013,YES,11/10/2013,NO,5000
RC27_2013_311,TOLIMA,SALDANA,VENEZUELA 21,RIEGO,7/17/2013,YES,11/20/2013,NO,5625
RC27_2013_299,TOLIMA,SALDANA,VENEZUELA 21,RIEGO,8/26/2013,YES,12/30/2013,NO,5094
RC27_2013_304,TOLIMA,SALDANA,YAGUARA,RIEGO,8/13/2013,YES,12/17/2013,NO,5625
RC27_2013_296,TOLIMA,SALDANA,YAGUARA,RIEGO,8/19/2013,YES,12/23/2013,NO,6875
RC61_2008_989,TOLIMA,PURIFICACION,ACARIGUA,RIEGO,3/1/2008,YES,7/5/2008,NO,6700
RC61_2008_1235,TOLIMA,PURIFICACION,CIMARRON BARINAS,RIEGO,4/11/2008,YES,8/15/2008,NO,8750
RC61_2009_4217,TOLIMA,PURIFICACION,CIMARRON BARINAS,RIEGO,4/23/2009,YES,8/27/2009,NO,7500
RC61_2009_4701,TOLIMA,PURIFICACION,CIMARRON BARINAS,RIEGO,6/12/2009,YES,10/16/2009,NO,5390
RC61_2009_3355,TOLIMA,PURIFICACION,CIMARRON BARINAS,RIEGO,3/4/2009,YES,7/8/2009,NO,7187
RC61_2009_4096,TOLIMA,PURIFICACION,CIMARRON BARINAS,RIEGO,4/15/2009,YES,8/19/2009,NO,6250
RC61_2008_1541,TOLIMA,PURIFICACION,CIMARRON BARINAS,RIEGO,5/14/2008,YES,9/17/2008,NO,6500
RC61_2009_4745,TOLIMA,PURIFICACION,CIMARRON BARINAS,RIEGO,7/6/2009,YES,11/9/2009,NO,3750
RC61_2009_3722,TOLIMA,PURIFICACION,CIMARRON BARINAS,RIEGO,3/25/2009,YES,7/29/2009,NO,6250
RC61_2009_3075,TOLIMA,PURIFICACION,CIMARRON BARINAS,RIEGO,2/10/2009,YES,6/16/2009,NO,6875
RC61_2009_3454,TOLIMA,PURIFICACION,CIMARRON BARINAS,RIEGO,3/11/2009,YES,7/15/2009,NO,5000
RC61_2009_2973,TOLIMA,PURIFICACION,CIMARRON BARINAS,RIEGO,2/2/2009,YES,6/8/2009,NO,7500
RC61_2009_4637,TOLIMA,PURIFICACION,CIMARRON BARINAS,RIEGO,6/2/2009,YES,10/6/2009,NO,6875
RC61_2009_4732,TOLIMA,PURIFICACION,CIMARRON BARINAS,RIEGO,6/23/2009,YES,10/27/2009,NO,5125
RC61_2009_4569,TOLIMA,PURIFICACION,CIMARRON BARINAS,RIEGO,5/23/2009,YES,9/26/2009,NO,5625
RC61_2009_2748,TOLIMA,PURIFICACION,CIMARRON BARINAS,RIEGO,1/6/2009,YES,5/12/2009,NO,7812
RC61_2008_1153,TOLIMA,PURIFICACION,CIMARRON BARINAS,RIEGO,4/1/2008,YES,8/5/2008,NO,8375
RC61_2008_918,TOLIMA,PURIFICACION,CIMARRON BARINAS,RIEGO,2/10/2008,YES,6/15/2008,NO,7500
RC61_2010_8290,TOLIMA,PURIFICACION,COLOMBIA XXI,RIEGO,5/26/2010,YES,9/29/2010,NO,8125
RC61_2008_1713,TOLIMA,PURIFICACION,COPROSEM 304,RIEGO,6/11/2008,YES,10/15/2008,NO,8750
RC61_2009_4528,TOLIMA,PURIFICACION,COPROSEM 304,RIEGO,5/17/2009,YES,9/20/2009,NO,5833.333333
RC61_2009_2372,TOLIMA,PURIFICACION,COPROSEM 304,RIEGO,11/9/2008,YES,3/15/2009,NO,6500
RC61_2011_10974,TOLIMA,PURIFICACION,DORADA,RIEGO,3/19/2011,YES,7/23/2011,NO,5062
RC61_2008_741,TOLIMA,PURIFICACION,F2000,RIEGO,9/16/2007,YES,1/20/2008,NO,8500
RC61_2008_980,TOLIMA,PURIFICACION,F2000,RIEGO,2/27/2008,YES,7/2/2008,NO,6700
RC61_2008_1618,TOLIMA,PURIFICACION,F275,RIEGO,5/26/2008,YES,9/29/2008,NO,7500
RC61_2008_1690,TOLIMA,PURIFICACION,F275,RIEGO,6/1/2008,YES,10/5/2008,NO,7560
RC61_2008_1004,TOLIMA,PURIFICACION,F275,RIEGO,3/11/2008,YES,7/15/2008,NO,9375
RC61_2008_1231,TOLIMA,PURIFICACION,F275,RIEGO,4/11/2008,YES,8/15/2008,NO,8000
RC61_2009_2886,TOLIMA,PURIFICACION,F275,RIEGO,1/28/2009,YES,6/3/2009,NO,7800
RC61_2009_3084,TOLIMA,PURIFICACION,F275,RIEGO,2/11/2009,YES,6/17/2009,NO,7500
RC61_2009_4669,TOLIMA,PURIFICACION,F275,RIEGO,6/8/2009,YES,10/12/2009,NO,7687.5
RC61_2009_4706,TOLIMA,PURIFICACION,F275,RIEGO,6/15/2009,YES,10/19/2009,NO,6720
RC61_2009_4308,TOLIMA,PURIFICACION,F275,RIEGO,4/30/2009,YES,9/3/2009,NO,8125
RC61_2009_3193,TOLIMA,PURIFICACION,F275,RIEGO,2/21/2009,YES,6/27/2009,NO,7437
RC61_2008_1128,TOLIMA,PURIFICACION,F369,RIEGO,3/28/2008,YES,8/1/2008,NO,8437
RC64_2013_14,TOLIMA,PURIFICACION,F473,RIEGO,11/7/2012,YES,3/13/2013,NO,6250
RC64_2013_19,TOLIMA,PURIFICACION,F473 + F733,RIEGO,11/19/2012,YES,3/25/2013,NO,6250
RC64_2013_20,TOLIMA,PURIFICACION,F473 + F733,RIEGO,11/30/2012,YES,4/5/2013,NO,6805
RC61_2012_13027,TOLIMA,PURIFICACION,F473 + F733,RIEGO,10/4/2011,YES,2/7/2012,NO,5312.5
RC61_2012_12966,TOLIMA,PURIFICACION,F473 + F733,RIEGO,9/29/2011,YES,2/2/2012,NO,5000
RC61_2012_13266,TOLIMA,PURIFICACION,F473 + F733,RIEGO,10/20/2011,YES,2/23/2012,NO,5312.5
RC61_2012_13268,TOLIMA,PURIFICACION,F473 + F733,RIEGO,10/20/2011,YES,2/23/2012,NO,5312.5
RC61_2012_12961,TOLIMA,PURIFICACION,F473 + F733,RIEGO,9/29/2011,YES,2/2/2012,NO,5000
RC61_2009_4527,TOLIMA,PURIFICACION,F50,RIEGO,5/17/2009,YES,9/20/2009,NO,6125
RC61_2008_1333,TOLIMA,PURIFICACION,F50,RIEGO,4/21/2008,YES,8/25/2008,NO,4500
RC61_2009_3922,TOLIMA,PURIFICACION,F50,RIEGO,4/4/2009,YES,8/8/2009,NO,6062
RC61_2008_1622,TOLIMA,PURIFICACION,F50,RIEGO,5/27/2008,YES,9/30/2008,NO,8000
RC61_2008_1615,TOLIMA,PURIFICACION,F50,RIEGO,5/25/2008,YES,9/28/2008,NO,8312
RC61_2008_1711,TOLIMA,PURIFICACION,F50,RIEGO,6/11/2008,YES,10/15/2008,NO,6937
RC61_2008_1589,TOLIMA,PURIFICACION,F50,RIEGO,5/22/2008,YES,9/25/2008,NO,8125
RC61_2008_1162,TOLIMA,PURIFICACION,F50,RIEGO,4/3/2008,YES,8/7/2008,NO,7375
RC64_2013_59,TOLIMA,PURIFICACION,F60,RIEGO,4/15/2013,YES,8/19/2013,NO,5437
RC61_2008_1176,TOLIMA,PURIFICACION,F60,RIEGO,4/4/2008,YES,8/8/2008,NO,8125
RC61_2008_1237,TOLIMA,PURIFICACION,F60,RIEGO,4/11/2008,YES,8/15/2008,NO,8800
RC61_2008_1138,TOLIMA,PURIFICACION,F60,RIEGO,3/29/2008,YES,8/2/2008,NO,8750
RC61_2009_3433,TOLIMA,PURIFICACION,F60,RIEGO,3/10/2009,YES,7/14/2009,NO,8200
RC61_2008_1152,TOLIMA,PURIFICACION,F60,RIEGO,4/1/2008,YES,8/5/2008,NO,9812
RC61_2008_1137,TOLIMA,PURIFICACION,F60,RIEGO,3/29/2008,YES,8/2/2008,NO,8375
RC61_2008_1697,TOLIMA,PURIFICACION,F60,RIEGO,6/6/2008,YES,10/10/2008,NO,8875
RC61_2009_3085,TOLIMA,PURIFICACION,F60,RIEGO,2/11/2009,YES,6/17/2009,NO,7100
RC61_2008_983,TOLIMA,PURIFICACION,F60,RIEGO,2/29/2008,YES,7/4/2008,NO,7812
RC61_2008_1228,TOLIMA,PURIFICACION,F60,RIEGO,4/11/2008,YES,8/15/2008,NO,8312
RC61_2008_1357,TOLIMA,PURIFICACION,F60,RIEGO,4/24/2008,YES,8/28/2008,NO,9375
RC61_2008_1590,TOLIMA,PURIFICACION,F60,RIEGO,5/22/2008,YES,9/25/2008,NO,7625
RC61_2008_1519,TOLIMA,PURIFICACION,F60,RIEGO,5/12/2008,YES,9/15/2008,NO,8312
RC61_2008_1521,TOLIMA,PURIFICACION,F60,RIEGO,5/12/2008,YES,9/15/2008,NO,8437
RC61_2009_4734,TOLIMA,PURIFICACION,F60,RIEGO,6/26/2009,YES,10/30/2009,NO,7000
RC61_2010_7975,TOLIMA,PURIFICACION,F60,RIEGO,5/2/2010,YES,9/5/2010,NO,6500
RC61_2009_4691,TOLIMA,PURIFICACION,F60,RIEGO,6/11/2009,YES,10/15/2009,NO,9750
RC61_2010_7840,TOLIMA,PURIFICACION,F60,RIEGO,4/24/2010,YES,8/28/2010,NO,6500
RC61_2008_1468,TOLIMA,PURIFICACION,F60,RIEGO,5/2/2008,YES,9/5/2008,NO,6562
RC61_2010_7899,TOLIMA,PURIFICACION,F60,RIEGO,4/28/2010,YES,9/1/2010,NO,8138
RC61_2010_6393,TOLIMA,PURIFICACION,F60,RIEGO,12/20/2009,YES,4/25/2010,NO,5900
RC61_2008_1257,TOLIMA,PURIFICACION,F60,RIEGO,4/13/2008,YES,8/17/2008,NO,8333
RC61_2008_1577,TOLIMA,PURIFICACION,F60,RIEGO,5/19/2008,YES,9/22/2008,NO,8625
RC61_2009_4690,TOLIMA,PURIFICACION,F60,RIEGO,6/11/2009,YES,10/15/2009,NO,8385
RC61_2008_1148,TOLIMA,PURIFICACION,F60,RIEGO,3/31/2008,YES,8/4/2008,NO,7875
RC61_2008_1184,TOLIMA,PURIFICACION,F60,RIEGO,4/6/2008,YES,8/10/2008,NO,8262
RC61_2008_1561,TOLIMA,PURIFICACION,F60,RIEGO,5/17/2008,YES,9/20/2008,NO,8312
RC64_2013_24,TOLIMA,PURIFICACION,F733,RIEGO,12/10/2012,YES,4/15/2013,NO,5000
RC64_2013_56,TOLIMA,PURIFICACION,F733,RIEGO,4/11/2013,YES,8/15/2013,NO,6937
RC64_2013_25,TOLIMA,PURIFICACION,F733,RIEGO,12/10/2012,YES,4/15/2013,NO,5312
RC64_2012_4,TOLIMA,PURIFICACION,F733,RIEGO,8/21/2012,YES,12/25/2012,NO,5000
RC64_2013_15,TOLIMA,PURIFICACION,F733,RIEGO,11/9/2012,YES,3/15/2013,NO,5312
RC64_2013_6,TOLIMA,PURIFICACION,F733,RIEGO,9/6/2012,YES,1/10/2013,NO,5000
RC64_2013_7,TOLIMA,PURIFICACION,F733,RIEGO,9/12/2012,YES,1/16/2013,NO,6875
RC64_2013_5,TOLIMA,PURIFICACION,F733,RIEGO,9/1/2012,YES,1/5/2013,NO,4375
RC61_2010_7942,TOLIMA,PURIFICACION,F733,RIEGO,4/30/2010,YES,9/3/2010,NO,8750
RC61_2011_10938,TOLIMA,PURIFICACION,F733,RIEGO,3/17/2011,YES,7/21/2011,NO,7250
RC61_2010_8117,TOLIMA,PURIFICACION,F733,RIEGO,5/10/2010,YES,9/13/2010,NO,8125
RC61_2012_16402,TOLIMA,PURIFICACION,F733,RIEGO,1/4/2012,YES,5/9/2012,NO,5312.5
RC61_2011_12016,TOLIMA,PURIFICACION,F733,RIEGO,7/19/2011,YES,11/22/2011,NO,7500
RC61_2010_8227,TOLIMA,PURIFICACION,F733,RIEGO,5/18/2010,YES,9/21/2010,NO,8437
RC61_2012_15029,TOLIMA,PURIFICACION,F733,RIEGO,3/23/2012,YES,7/27/2012,NO,6562.5
RC61_2008_920,TOLIMA,PURIFICACION,FORTALEZA,RIEGO,2/10/2008,YES,6/15/2008,NO,8222
RC61_2008_1332,TOLIMA,PURIFICACION,FORTALEZA,RIEGO,4/21/2008,YES,8/25/2008,NO,7812
RC61_2009_3322,TOLIMA,PURIFICACION,FORTALEZA,RIEGO,3/1/2009,YES,7/5/2009,NO,7500
RC61_2008_984,TOLIMA,PURIFICACION,FORTALEZA,RIEGO,3/1/2008,YES,7/5/2008,NO,7812
RC61_2010_7780,TOLIMA,PURIFICACION,FORTALEZA,RIEGO,4/21/2010,YES,8/25/2010,NO,8250
RC64_2013_38,TOLIMA,PURIFICACION,LAGUNAS,RIEGO,1/20/2013,YES,5/26/2013,NO,5750
RC64_2013_37,TOLIMA,PURIFICACION,LAGUNAS,RIEGO,1/16/2013,YES,5/22/2013,NO,6750
RC64_2013_36,TOLIMA,PURIFICACION,LAGUNAS,RIEGO,1/14/2013,YES,5/20/2013,NO,5875
RC61_2012_14630,TOLIMA,PURIFICACION,LAGUNAS,RIEGO,2/24/2012,YES,6/29/2012,NO,6562.5
RC61_2012_14912,TOLIMA,PURIFICACION,LAGUNAS,RIEGO,3/15/2012,YES,7/19/2012,NO,6250
RC61_2012_14973,TOLIMA,PURIFICACION,LAGUNAS,RIEGO,3/20/2012,YES,7/24/2012,NO,5250
RC61_2012_15030,TOLIMA,PURIFICACION,LAGUNAS,RIEGO,3/23/2012,YES,7/27/2012,NO,5450
RC61_2011_10814,TOLIMA,PURIFICACION,MOCARI,RIEGO,3/8/2011,YES,7/12/2011,NO,5366
RC61_2011_10721,TOLIMA,PURIFICACION,MOCARI,RIEGO,3/2/2011,YES,7/6/2011,NO,5444
RC61_2011_10740,TOLIMA,PURIFICACION,MOCARI,RIEGO,3/3/2011,YES,7/7/2011,NO,6019
RC61_2010_6560,TOLIMA,PURIFICACION,ONLY RICE 228,RIEGO,1/8/2010,YES,5/14/2010,NO,6200
RC61_2009_4670,TOLIMA,PURIFICACION,ONLY RICE 228,RIEGO,6/8/2009,YES,10/12/2009,NO,6250
RC61_2009_4757,TOLIMA,PURIFICACION,ONLY RICE 228,RIEGO,7/20/2009,YES,11/23/2009,NO,5323
RC61_2009_4559,TOLIMA,PURIFICACION,ONLY RICE 228,RIEGO,5/22/2009,YES,9/25/2009,NO,6250
RC61_2009_4725,TOLIMA,PURIFICACION,ONLY RICE 228,RIEGO,6/21/2009,YES,10/25/2009,NO,7500
RC61_2009_4654,TOLIMA,PURIFICACION,ONLY RICE 228,RIEGO,6/6/2009,YES,10/10/2009,NO,7365
RC61_2009_4737,TOLIMA,PURIFICACION,ONLY RICE 228,RIEGO,6/27/2009,YES,10/31/2009,NO,7312
RC61_2009_3700,TOLIMA,PURIFICACION,ONLY RICE 370,RIEGO,3/24/2009,YES,7/28/2009,NO,7312
RC61_2009_3389,TOLIMA,PURIFICACION,ONLY RICE 370,RIEGO,3/6/2009,YES,7/10/2009,NO,7437
RC61_2010_8248,TOLIMA,PURIFICACION,PANORAMA ,RIEGO,5/21/2010,YES,9/24/2010,NO,6150
RC61_2010_8527,TOLIMA,PURIFICACION,PANORAMA ,RIEGO,7/24/2010,YES,11/27/2010,NO,8500
RC61_2008_1145,TOLIMA,PURIFICACION,TAILANDIA,RIEGO,3/30/2008,YES,8/3/2008,NO,7375
RC64_2013_46,TOLIMA,PURIFICACION,TAILANDIA ORO,RIEGO,5/9/2013,YES,9/12/2013,NO,6437
RC64_2013_45,TOLIMA,PURIFICACION,TAILANDIA ORO,RIEGO,5/9/2013,YES,9/12/2013,NO,6875
RC61_2010_8181,TOLIMA,PURIFICACION,YUMA,RIEGO,5/14/2010,YES,9/17/2010,NO,7375
RC64_2013_34,TOLIMA,SALDANA,COLOMBIA XXI,RIEGO,1/8/2013,YES,5/14/2013,NO,5750
RC64_2013_64,TOLIMA,SALDANA,COLOMBIA XXI,RIEGO,5/8/2013,YES,9/11/2013,NO,7562
RC64_2013_66,TOLIMA,SALDANA,COLOMBIA XXI,RIEGO,3/6/2013,YES,7/10/2013,NO,4687
RC64_2013_63,TOLIMA,SALDANA,F473,RIEGO,5/1/2013,YES,9/4/2013,NO,5937
RC64_2013_29,TOLIMA,SALDANA,F473,RIEGO,12/17/2012,YES,4/22/2013,NO,4687
RC64_2013_44,TOLIMA,SALDANA,F473,RIEGO,2/13/2013,YES,6/19/2013,NO,5000
RC64_2013_42,TOLIMA,SALDANA,F473,RIEGO,1/28/2013,YES,6/3/2013,NO,4062
RC64_2013_28,TOLIMA,SALDANA,F473,RIEGO,12/17/2012,YES,4/22/2013,NO,4125
RC64_2013_43,TOLIMA,SALDANA,F473,RIEGO,3/6/2013,YES,7/10/2013,NO,3562
RC64_2013_12,TOLIMA,SALDANA,F473,RIEGO,10/30/2012,YES,3/5/2013,NO,6000
RC64_2013_17,TOLIMA,SALDANA,F473,RIEGO,11/13/2012,YES,3/19/2013,NO,5550
RC64_2013_18,TOLIMA,SALDANA,F473,RIEGO,11/14/2012,YES,3/20/2013,NO,7250
RC64_2013_31,TOLIMA,SALDANA,F473,RIEGO,1/1/2013,YES,5/7/2013,NO,5937
RC64_2013_9,TOLIMA,SALDANA,F473,RIEGO,9/19/2012,YES,1/23/2013,NO,6250
RC64_2013_11,TOLIMA,SALDANA,F473,RIEGO,10/19/2012,YES,2/22/2013,NO,6000
RC64_2013_26,TOLIMA,SALDANA,F473,RIEGO,12/11/2012,YES,4/16/2013,NO,5203
RC64_2013_23,TOLIMA,SALDANA,F473,RIEGO,12/5/2012,YES,4/10/2013,NO,5625
RC64_2013_71,TOLIMA,SALDANA,F473,RIEGO,4/18/2013,YES,8/22/2013,NO,7125
RC64_2013_10,TOLIMA,SALDANA,F473,RIEGO,10/16/2012,YES,2/19/2013,NO,5937
RC64_2013_21,TOLIMA,SALDANA,F473,RIEGO,12/3/2012,YES,4/8/2013,NO,5000
RC64_2013_70,TOLIMA,SALDANA,F473,RIEGO,4/3/2013,YES,8/7/2013,NO,6750
RC64_2013_30,TOLIMA,SALDANA,F60,RIEGO,12/18/2012,YES,4/23/2013,NO,6852
RC64_2013_49,TOLIMA,SALDANA,F60,RIEGO,3/26/2013,YES,7/30/2013,NO,5000
RC64_2013_51,TOLIMA,SALDANA,F733,RIEGO,4/24/2013,YES,8/28/2013,NO,6750
RC64_2013_13,TOLIMA,SALDANA,F733,RIEGO,11/4/2012,YES,3/10/2013,NO,4187
RC64_2013_16,TOLIMA,SALDANA,F733,RIEGO,11/12/2012,YES,3/18/2013,NO,7187
RC64_2013_72,TOLIMA,SALDANA,F733,RIEGO,5/20/2013,YES,9/23/2013,NO,6250
RC64_2013_22,TOLIMA,SALDANA,F733,RIEGO,12/4/2012,YES,4/9/2013,NO,6500
RC64_2013_50,TOLIMA,SALDANA,F733,RIEGO,5/21/2013,YES,9/24/2013,NO,7333
RC64_2013_47,TOLIMA,SALDANA,F733,RIEGO,4/22/2013,YES,8/26/2013,NO,6500
RC64_2013_8,TOLIMA,SALDANA,F733,RIEGO,9/19/2012,YES,1/23/2013,NO,5625
RC64_2013_68,TOLIMA,SALDANA,F733,RIEGO,2/19/2013,YES,6/25/2013,NO,7187
RC64_2013_67,TOLIMA,SALDANA,F733,RIEGO,3/2/2013,YES,7/6/2013,NO,8125
RC64_2013_57,TOLIMA,SALDANA,F733,RIEGO,4/18/2013,YES,8/22/2013,NO,6437
RC64_2013_35,TOLIMA,SALDANA,LAGUNAS,RIEGO,1/11/2013,YES,5/17/2013,NO,6375
RC64_2013_40,TOLIMA,SALDANA,LAGUNAS,RIEGO,1/29/2013,YES,6/4/2013,NO,3125
RC64_2013_33,TOLIMA,SALDANA,LAGUNAS,RIEGO,1/7/2013,YES,5/13/2013,NO,5000
RC64_2013_41,TOLIMA,SALDANA,LAGUNAS,RIEGO,1/30/2013,YES,6/5/2013,NO,5375
RC64_2013_58,TOLIMA,SALDANA,LAGUNAS,RIEGO,3/13/2013,YES,7/17/2013,NO,6562
RC64_2013_39,TOLIMA,SALDANA,LAGUNAS,RIEGO,1/22/2013,YES,5/28/2013,NO,4875
RC64_2013_52,TOLIMA,SALDANA,LAGUNAS,RIEGO,5/10/2013,YES,9/13/2013,NO,6750
RC64_2013_32,TOLIMA,SALDANA,LAGUNAS,RIEGO,1/3/2013,YES,5/9/2013,NO,6562
RC64_2013_27,TOLIMA,SALDANA,LAGUNAS,RIEGO,12/17/2012,YES,4/22/2013,NO,6500
RC64_2013_55,TOLIMA,SALDANA,MOCARI,RIEGO,4/21/2013,YES,8/25/2013,NO,6500
RC64_2013_54,TOLIMA,SALDANA,MOCARI,RIEGO,5/2/2013,YES,9/5/2013,NO,6187
RC64_2013_65,TOLIMA,SALDANA,TAILANDIA ORO,RIEGO,4/1/2013,YES,8/5/2013,NO,6250
RC64_2013_53,TOLIMA,SALDANA,TAILANDIA ORO,RIEGO,4/30/2013,YES,9/3/2013,NO,7562
RC64_2013_69,TOLIMA,SALDANA,TAILANDIA ORO,RIEGO,5/17/2013,YES,9/20/2013,NO,7187
RC64_2013_61,TOLIMA,SALDANA,VENEZUELA 21,RIEGO,4/19/2013,YES,8/23/2013,NO,6562
RC64_2013_60,TOLIMA,SALDANA,VENEZUELA 21,RIEGO,4/17/2013,YES,8/21/2013,NO,6062
RC64_2013_62,TOLIMA,SALDANA,YAGUARA,RIEGO,2/13/2013,YES,6/19/2013,NO,6875
RC64_2013_48,TOLIMA,SALDANA,YAGUARA,RIEGO,5/21/2013,YES,9/24/2013,NO,6791
